task_id,path,W,H,Wb,Hb,rotated,area,bucket_area,overhead,fill_deficit,Wb4,Hb4,bucket_area4,overhead4,Wb8,Hb8,bucket_area8,overhead8,Wb4sq,Hb4sq,bucket_area4sq,overhead4sq,inputs_unique_sizes,outputs_unique_sizes,inputs_uniform,outputs_uniform
0934a4d8,dataset/raw-data/ARC-ALL/data/evaluation/0934a4d8.json,30,30,30,30,0,900,900,1.000000,0.000000,32,32,1024,1.137778,32,32,1024,1.137778,32,32,1024,1.137778,1,5,1,0
135a2760,dataset/raw-data/ARC-ALL/data/evaluation/135a2760.json,29,29,30,30,0,841,900,1.070155,0.065556,32,32,1024,1.217598,32,32,1024,1.217598,32,32,1024,1.217598,3,3,0,0
136b0064,dataset/raw-data/ARC-ALL/data/evaluation/136b0064.json,15,19,15,20,0,285,300,1.052632,0.683333,16,20,320,1.122807,24,24,576,2.021053,20,20,400,1.403509,4,4,0,0
13e47133,dataset/raw-data/ARC-ALL/data/evaluation/13e47133.json,30,30,30,30,0,900,900,1.000000,0.000000,32,32,1024,1.137778,32,32,1024,1.137778,32,32,1024,1.137778,3,3,0,0
142ca369,dataset/raw-data/ARC-ALL/data/evaluation/142ca369.json,20,20,20,20,0,400,400,1.000000,0.555556,20,20,400,1.000000,24,24,576,1.440000,20,20,400,1.000000,3,3,0,0
16b78196,dataset/raw-data/ARC-ALL/data/evaluation/16b78196.json,30,30,30,30,0,900,900,1.000000,0.000000,32,32,1024,1.137778,32,32,1024,1.137778,32,32,1024,1.137778,1,1,1,1
16de56c4,dataset/raw-data/ARC-ALL/data/evaluation/16de56c4.json,21,12,24,12,0,252,288,1.142857,0.720000,24,12,288,1.142857,24,24,576,2.285714,24,24,576,2.285714,4,4,0,0
1818057f,dataset/raw-data/ARC-ALL/data/evaluation/1818057f.json,22,22,24,24,0,484,576,1.190083,0.462222,24,24,576,1.190083,24,24,576,1.190083,24,24,576,1.190083,4,4,0,0
195c6913,dataset/raw-data/ARC-ALL/data/evaluation/195c6913.json,30,30,30,30,0,900,900,1.000000,0.000000,32,32,1024,1.137778,32,32,1024,1.137778,32,32,1024,1.137778,3,3,0,0
1ae2feb7,dataset/raw-data/ARC-ALL/data/evaluation/1ae2feb7.json,20,13,20,15,0,260,300,1.153846,0.711111,20,16,320,1.230769,24,24,576,2.215385,20,20,400,1.538462,4,4,0,0
20270e3b,dataset/raw-data/ARC-ALL/data/evaluation/20270e3b.json,13,11,15,12,0,143,180,1.258741,0.841111,16,12,192,1.342657,16,16,256,1.790210,16,16,256,1.790210,5,6,0,0
20a9e565,dataset/raw-data/ARC-ALL/data/evaluation/20a9e565.json,30,30,30,30,0,900,900,1.000000,0.000000,32,32,1024,1.137778,32,32,1024,1.137778,32,32,1024,1.137778,2,5,0,0
21897d95,dataset/raw-data/ARC-ALL/data/evaluation/21897d95.json,30,30,30,30,0,900,900,1.000000,0.000000,32,32,1024,1.137778,32,32,1024,1.137778,32,32,1024,1.137778,5,5,0,0
221dfab4,dataset/raw-data/ARC-ALL/data/evaluation/221dfab4.json,30,30,30,30,0,900,900,1.000000,0.000000,32,32,1024,1.137778,32,32,1024,1.137778,32,32,1024,1.137778,3,3,0,0
247ef758,dataset/raw-data/ARC-ALL/data/evaluation/247ef758.json,20,15,20,15,0,300,300,1.000000,0.666667,20,16,320,1.066667,24,24,576,1.920000,20,20,400,1.333333,4,4,0,0
269e22fb,dataset/raw-data/ARC-ALL/data/evaluation/269e22fb.json,20,20,20,20,0,400,400,1.000000,0.555556,20,20,400,1.000000,24,24,576,1.440000,20,20,400,1.000000,5,1,0,1
271d71e2,dataset/raw-data/ARC-ALL/data/evaluation/271d71e2.json,26,26,30,30,0,676,900,1.331361,0.248889,28,28,784,1.159763,32,32,1024,1.514793,28,28,784,1.159763,4,4,0,0
28a6681f,dataset/raw-data/ARC-ALL/data/evaluation/28a6681f.json,10,10,10,10,0,100,100,1.000000,0.888889,12,12,144,1.440000,16,16,256,2.560000,12,12,144,1.440000,1,1,1,1
291dc1e1,dataset/raw-data/ARC-ALL/data/evaluation/291dc1e1.json,28,28,30,30,0,784,900,1.147959,0.128889,28,28,784,1.000000,32,32,1024,1.306122,28,28,784,1.000000,5,5,0,0
2b83f449,dataset/raw-data/ARC-ALL/data/evaluation/2b83f449.json,19,19,20,20,0,361,400,1.108033,0.598889,20,20,400,1.108033,24,24,576,1.595568,20,20,400,1.108033,3,3,0,0
2ba387bc,dataset/raw-data/ARC-ALL/data/evaluation/2ba387bc.json,24,24,24,24,0,576,576,1.000000,0.360000,24,24,576,1.000000,24,24,576,1.000000,24,24,576,1.000000,5,3,0,0
2c181942,dataset/raw-data/ARC-ALL/data/evaluation/2c181942.json,26,24,30,24,0,624,720,1.153846,0.306667,28,24,672,1.076923,32,32,1024,1.641026,28,28,784,1.256410,4,4,0,0
2d0172a1,dataset/raw-data/ARC-ALL/data/evaluation/2d0172a1.json,25,25,30,30,0,625,900,1.440000,0.305556,28,28,784,1.254400,32,32,1024,1.638400,28,28,784,1.254400,3,6,0,0
31f7f899,dataset/raw-data/ARC-ALL/data/evaluation/31f7f899.json,17,17,20,20,0,289,400,1.384083,0.678889,20,20,400,1.384083,24,24,576,1.993080,20,20,400,1.384083,4,4,0,0
332f06d7,dataset/raw-data/ARC-ALL/data/evaluation/332f06d7.json,20,20,20,20,0,400,400,1.000000,0.555556,20,20,400,1.000000,24,24,576,1.440000,20,20,400,1.000000,5,5,0,0
35ab12c3,dataset/raw-data/ARC-ALL/data/evaluation/35ab12c3.json,21,21,24,24,0,441,576,1.306122,0.510000,24,24,576,1.306122,24,24,576,1.306122,24,24,576,1.306122,4,4,0,0
36a08778,dataset/raw-data/ARC-ALL/data/evaluation/36a08778.json,30,30,30,30,0,900,900,1.000000,0.000000,32,32,1024,1.137778,32,32,1024,1.137778,32,32,1024,1.137778,8,8,0,0
38007db0,dataset/raw-data/ARC-ALL/data/evaluation/38007db0.json,29,29,30,30,0,841,900,1.070155,0.065556,32,32,1024,1.217598,32,32,1024,1.217598,32,32,1024,1.217598,4,3,0,0
3a25b0d8,dataset/raw-data/ARC-ALL/data/evaluation/3a25b0d8.json,30,30,30,30,0,900,900,1.000000,0.000000,32,32,1024,1.137778,32,32,1024,1.137778,32,32,1024,1.137778,3,4,0,0
3dc255db,dataset/raw-data/ARC-ALL/data/evaluation/3dc255db.json,13,12,15,12,0,156,180,1.153846,0.826667,16,12,192,1.230769,16,16,256,1.641026,16,16,256,1.641026,3,3,0,0
3e6067c3,dataset/raw-data/ARC-ALL/data/evaluation/3e6067c3.json,30,30,30,30,0,900,900,1.000000,0.000000,32,32,1024,1.137778,32,32,1024,1.137778,32,32,1024,1.137778,5,5,0,0
409aa875,dataset/raw-data/ARC-ALL/data/evaluation/409aa875.json,16,16,20,20,0,256,400,1.562500,0.715556,16,16,256,1.000000,16,16,256,1.000000,16,16,256,1.000000,1,1,1,1
446ef5d2,dataset/raw-data/ARC-ALL/data/evaluation/446ef5d2.json,26,26,30,30,0,676,900,1.331361,0.248889,28,28,784,1.159763,32,32,1024,1.514793,28,28,784,1.159763,4,4,0,0
45a5af55,dataset/raw-data/ARC-ALL/data/evaluation/45a5af55.json,26,26,30,30,0,676,900,1.331361,0.248889,28,28,784,1.159763,32,32,1024,1.514793,28,28,784,1.159763,3,2,0,0
4a21e3da,dataset/raw-data/ARC-ALL/data/evaluation/4a21e3da.json,20,20,20,20,0,400,400,1.000000,0.555556,20,20,400,1.000000,24,24,576,1.440000,20,20,400,1.000000,2,2,0,0
4c3d4a41,dataset/raw-data/ARC-ALL/data/evaluation/4c3d4a41.json,20,8,20,8,0,160,160,1.000000,0.822222,20,8,160,1.000000,24,24,576,3.600000,20,20,400,2.500000,1,1,1,1
4c416de3,dataset/raw-data/ARC-ALL/data/evaluation/4c416de3.json,23,23,24,24,0,529,576,1.088847,0.412222,24,24,576,1.088847,24,24,576,1.088847,24,24,576,1.088847,3,3,0,0
4c7dc4dd,dataset/raw-data/ARC-ALL/data/evaluation/4c7dc4dd.json,30,30,30,30,0,900,900,1.000000,0.000000,32,32,1024,1.137778,32,32,1024,1.137778,32,32,1024,1.137778,1,3,1,0
4e34c42c,dataset/raw-data/ARC-ALL/data/evaluation/4e34c42c.json,25,30,30,30,0,750,900,1.200000,0.166667,28,32,896,1.194667,32,32,1024,1.365333,32,32,1024,1.365333,4,4,0,0
53fb4810,dataset/raw-data/ARC-ALL/data/evaluation/53fb4810.json,18,25,20,30,0,450,600,1.333333,0.500000,20,28,560,1.244444,32,32,1024,2.275556,28,28,784,1.742222,3,3,0,0
5545f144,dataset/raw-data/ARC-ALL/data/evaluation/5545f144.json,27,15,30,15,0,405,450,1.111111,0.550000,28,16,448,1.106173,32,32,1024,2.528395,28,28,784,1.935802,4,4,0,0
581f7754,dataset/raw-data/ARC-ALL/data/evaluation/581f7754.json,22,22,24,24,0,484,576,1.190083,0.462222,24,24,576,1.190083,24,24,576,1.190083,24,24,576,1.190083,5,5,0,0
58490d8a,dataset/raw-data/ARC-ALL/data/evaluation/58490d8a.json,25,23,30,24,0,575,720,1.252174,0.361111,28,24,672,1.168696,32,32,1024,1.780870,28,28,784,1.363478,4,4,0,0
58f5dbd5,dataset/raw-data/ARC-ALL/data/evaluation/58f5dbd5.json,23,19,24,20,0,437,480,1.098398,0.514444,24,20,480,1.098398,24,24,576,1.318078,24,24,576,1.318078,2,4,0,0
5961cc34,dataset/raw-data/ARC-ALL/data/evaluation/5961cc34.json,27,27,30,30,0,729,900,1.234568,0.190000,28,28,784,1.075446,32,32,1024,1.404664,28,28,784,1.075446,4,4,0,0
5dbc8537,dataset/raw-data/ARC-ALL/data/evaluation/5dbc8537.json,25,25,30,30,0,625,900,1.440000,0.305556,28,28,784,1.254400,32,32,1024,1.638400,28,28,784,1.254400,3,4,0,0
62593bfd,dataset/raw-data/ARC-ALL/data/evaluation/62593bfd.json,30,30,30,30,0,900,900,1.000000,0.000000,32,32,1024,1.137778,32,32,1024,1.137778,32,32,1024,1.137778,4,4,0,0
64efde09,dataset/raw-data/ARC-ALL/data/evaluation/64efde09.json,29,29,30,30,0,841,900,1.070155,0.065556,32,32,1024,1.217598,32,32,1024,1.217598,32,32,1024,1.217598,3,3,0,0
65b59efc,dataset/raw-data/ARC-ALL/data/evaluation/65b59efc.json,30,25,30,30,0,750,900,1.200000,0.166667,32,28,896,1.194667,32,32,1024,1.365333,32,32,1024,1.365333,4,3,0,0
67e490f4,dataset/raw-data/ARC-ALL/data/evaluation/67e490f4.json,30,30,30,30,0,900,900,1.000000,0.000000,32,32,1024,1.137778,32,32,1024,1.137778,32,32,1024,1.137778,1,3,1,0
6e453dd6,dataset/raw-data/ARC-ALL/data/evaluation/6e453dd6.json,16,25,20,30,0,400,600,1.500000,0.555556,16,28,448,1.120000,32,32,1024,2.560000,28,28,784,1.960000,4,4,0,0
6e4f6532,dataset/raw-data/ARC-ALL/data/evaluation/6e4f6532.json,28,30,30,30,0,840,900,1.071429,0.066667,28,32,896,1.066667,32,32,1024,1.219048,32,32,1024,1.219048,4,4,0,0
6ffbe589,dataset/raw-data/ARC-ALL/data/evaluation/6ffbe589.json,20,20,20,20,0,400,400,1.000000,0.555556,20,20,400,1.000000,24,24,576,1.440000,20,20,400,1.000000,1,2,1,0
71e489b6,dataset/raw-data/ARC-ALL/data/evaluation/71e489b6.json,19,19,20,20,0,361,400,1.108033,0.598889,20,20,400,1.108033,24,24,576,1.595568,20,20,400,1.108033,3,3,0,0
7491f3cf,dataset/raw-data/ARC-ALL/data/evaluation/7491f3cf.json,25,7,30,8,0,175,240,1.371429,0.805556,28,8,224,1.280000,32,32,1024,5.851429,28,28,784,4.480000,1,1,1,1
7666fa5d,dataset/raw-data/ARC-ALL/data/evaluation/7666fa5d.json,16,16,20,20,0,256,400,1.562500,0.715556,16,16,256,1.000000,16,16,256,1.000000,16,16,256,1.000000,1,1,1,1
78332cb0,dataset/raw-data/ARC-ALL/data/evaluation/78332cb0.json,23,23,24,24,0,529,576,1.088847,0.412222,24,24,576,1.088847,24,24,576,1.088847,24,24,576,1.088847,4,4,0,0
7b0280bc,dataset/raw-data/ARC-ALL/data/evaluation/7b0280bc.json,30,30,30,30,0,900,900,1.000000,0.000000,32,32,1024,1.137778,32,32,1024,1.137778,32,32,1024,1.137778,4,4,0,0
7b3084d4,dataset/raw-data/ARC-ALL/data/evaluation/7b3084d4.json,20,20,20,20,0,400,400,1.000000,0.555556,20,20,400,1.000000,24,24,576,1.440000,20,20,400,1.000000,1,4,1,0
7b5033c1,dataset/raw-data/ARC-ALL/data/evaluation/7b5033c1.json,16,25,20,30,0,400,600,1.500000,0.555556,16,28,448,1.120000,32,32,1024,2.560000,28,28,784,1.960000,1,3,1,0
7b80bb43,dataset/raw-data/ARC-ALL/data/evaluation/7b80bb43.json,30,29,30,30,0,870,900,1.034483,0.033333,32,32,1024,1.177011,32,32,1024,1.177011,32,32,1024,1.177011,3,3,0,0
7c66cb00,dataset/raw-data/ARC-ALL/data/evaluation/7c66cb00.json,24,30,24,30,0,720,720,1.000000,0.200000,24,32,768,1.066667,32,32,1024,1.422222,32,32,1024,1.422222,1,1,1,1
7ed72f31,dataset/raw-data/ARC-ALL/data/evaluation/7ed72f31.json,28,28,30,30,0,784,900,1.147959,0.128889,28,28,784,1.000000,32,32,1024,1.306122,28,28,784,1.000000,2,2,0,0
800d221b,dataset/raw-data/ARC-ALL/data/evaluation/800d221b.json,30,30,30,30,0,900,900,1.000000,0.000000,32,32,1024,1.137778,32,32,1024,1.137778,32,32,1024,1.137778,4,4,0,0
80a900e0,dataset/raw-data/ARC-ALL/data/evaluation/80a900e0.json,30,24,30,24,0,720,720,1.000000,0.200000,32,24,768,1.066667,32,32,1024,1.422222,32,32,1024,1.422222,3,3,0,0
8698868d,dataset/raw-data/ARC-ALL/data/evaluation/8698868d.json,30,30,30,30,0,900,900,1.000000,0.000000,32,32,1024,1.137778,32,32,1024,1.137778,32,32,1024,1.137778,2,3,0,0
88bcf3b4,dataset/raw-data/ARC-ALL/data/evaluation/88bcf3b4.json,27,27,30,30,0,729,900,1.234568,0.190000,28,28,784,1.075446,32,32,1024,1.404664,28,28,784,1.075446,7,7,0,0
88e364bc,dataset/raw-data/ARC-ALL/data/evaluation/88e364bc.json,20,20,20,20,0,400,400,1.000000,0.555556,20,20,400,1.000000,24,24,576,1.440000,20,20,400,1.000000,1,1,1,1
89565ca0,dataset/raw-data/ARC-ALL/data/evaluation/89565ca0.json,30,29,30,30,0,870,900,1.034483,0.033333,32,32,1024,1.177011,32,32,1024,1.177011,32,32,1024,1.177011,3,4,0,0
898e7135,dataset/raw-data/ARC-ALL/data/evaluation/898e7135.json,30,30,30,30,0,900,900,1.000000,0.000000,32,32,1024,1.137778,32,32,1024,1.137778,32,32,1024,1.137778,3,3,0,0
8b7bacbf,dataset/raw-data/ARC-ALL/data/evaluation/8b7bacbf.json,30,30,30,30,0,900,900,1.000000,0.000000,32,32,1024,1.137778,32,32,1024,1.137778,32,32,1024,1.137778,6,6,0,0
8b9c3697,dataset/raw-data/ARC-ALL/data/evaluation/8b9c3697.json,27,23,30,24,0,621,720,1.159420,0.310000,28,24,672,1.082126,32,32,1024,1.648953,28,28,784,1.262480,2,2,0,0
8e5c0c38,dataset/raw-data/ARC-ALL/data/evaluation/8e5c0c38.json,22,22,24,24,0,484,576,1.190083,0.462222,24,24,576,1.190083,24,24,576,1.190083,24,24,576,1.190083,1,1,1,1
8f215267,dataset/raw-data/ARC-ALL/data/evaluation/8f215267.json,23,27,24,30,0,621,720,1.159420,0.310000,24,28,672,1.082126,32,32,1024,1.648953,28,28,784,1.262480,3,3,0,0
8f3a5a89,dataset/raw-data/ARC-ALL/data/evaluation/8f3a5a89.json,20,20,20,20,0,400,400,1.000000,0.555556,20,20,400,1.000000,24,24,576,1.440000,20,20,400,1.000000,4,4,0,0
9385bd28,dataset/raw-data/ARC-ALL/data/evaluation/9385bd28.json,19,19,20,20,0,361,400,1.108033,0.598889,20,20,400,1.108033,24,24,576,1.595568,20,20,400,1.108033,5,5,0,0
97d7923e,dataset/raw-data/ARC-ALL/data/evaluation/97d7923e.json,20,10,20,10,0,200,200,1.000000,0.777778,20,12,240,1.200000,24,24,576,2.880000,20,20,400,2.000000,3,3,0,0
981571dc,dataset/raw-data/ARC-ALL/data/evaluation/981571dc.json,30,30,30,30,0,900,900,1.000000,0.000000,32,32,1024,1.137778,32,32,1024,1.137778,32,32,1024,1.137778,1,1,1,1
9aaea919,dataset/raw-data/ARC-ALL/data/evaluation/9aaea919.json,30,30,30,30,0,900,900,1.000000,0.000000,32,32,1024,1.137778,32,32,1024,1.137778,32,32,1024,1.137778,1,1,1,1
9bbf930d,dataset/raw-data/ARC-ALL/data/evaluation/9bbf930d.json,21,23,24,24,0,483,576,1.192547,0.463333,24,24,576,1.192547,24,24,576,1.192547,24,24,576,1.192547,3,3,0,0
a251c730,dataset/raw-data/ARC-ALL/data/evaluation/a251c730.json,30,30,30,30,0,900,900,1.000000,0.000000,32,32,1024,1.137778,32,32,1024,1.137778,32,32,1024,1.137778,1,3,1,0
a25697e4,dataset/raw-data/ARC-ALL/data/evaluation/a25697e4.json,30,30,30,30,0,900,900,1.000000,0.000000,32,32,1024,1.137778,32,32,1024,1.137778,32,32,1024,1.137778,3,3,0,0
a32d8b75,dataset/raw-data/ARC-ALL/data/evaluation/a32d8b75.json,30,30,30,30,0,900,900,1.000000,0.000000,32,32,1024,1.137778,32,32,1024,1.137778,32,32,1024,1.137778,2,3,0,0
a395ee82,dataset/raw-data/ARC-ALL/data/evaluation/a395ee82.json,22,22,24,24,0,484,576,1.190083,0.462222,24,24,576,1.190083,24,24,576,1.190083,24,24,576,1.190083,1,1,1,1
a47bf94d,dataset/raw-data/ARC-ALL/data/evaluation/a47bf94d.json,26,26,30,30,0,676,900,1.331361,0.248889,28,28,784,1.159763,32,32,1024,1.514793,28,28,784,1.159763,3,3,0,0
a6f40cea,dataset/raw-data/ARC-ALL/data/evaluation/a6f40cea.json,30,30,30,30,0,900,900,1.000000,0.000000,32,32,1024,1.137778,32,32,1024,1.137778,32,32,1024,1.137778,4,4,0,0
aa4ec2a5,dataset/raw-data/ARC-ALL/data/evaluation/aa4ec2a5.json,27,28,30,30,0,756,900,1.190476,0.160000,28,28,784,1.037037,32,32,1024,1.354497,28,28,784,1.037037,4,4,0,0
abc82100,dataset/raw-data/ARC-ALL/data/evaluation/abc82100.json,20,20,20,20,0,400,400,1.000000,0.555556,20,20,400,1.000000,24,24,576,1.440000,20,20,400,1.000000,4,4,0,0
b0039139,dataset/raw-data/ARC-ALL/data/evaluation/b0039139.json,29,26,30,30,0,754,900,1.193634,0.162222,32,28,896,1.188329,32,32,1024,1.358090,32,32,1024,1.358090,6,6,0,0
b10624e5,dataset/raw-data/ARC-ALL/data/evaluation/b10624e5.json,27,27,30,30,0,729,900,1.234568,0.190000,28,28,784,1.075446,32,32,1024,1.404664,28,28,784,1.075446,1,1,1,1
b5ca7ac4,dataset/raw-data/ARC-ALL/data/evaluation/b5ca7ac4.json,22,22,24,24,0,484,576,1.190083,0.462222,24,24,576,1.190083,24,24,576,1.190083,24,24,576,1.190083,1,1,1,1
b6f77b65,dataset/raw-data/ARC-ALL/data/evaluation/b6f77b65.json,12,12,12,12,0,144,144,1.000000,0.840000,12,12,144,1.000000,16,16,256,1.777778,12,12,144,1.000000,1,1,1,1
b99e7126,dataset/raw-data/ARC-ALL/data/evaluation/b99e7126.json,29,29,30,30,0,841,900,1.070155,0.065556,32,32,1024,1.217598,32,32,1024,1.217598,32,32,1024,1.217598,1,1,1,1
b9e38dc0,dataset/raw-data/ARC-ALL/data/evaluation/b9e38dc0.json,19,18,20,20,0,342,400,1.169591,0.620000,20,20,400,1.169591,24,24,576,1.684211,20,20,400,1.169591,4,4,0,0
bf45cf4b,dataset/raw-data/ARC-ALL/data/evaluation/bf45cf4b.json,25,25,30,30,0,625,900,1.440000,0.305556,28,28,784,1.254400,32,32,1024,1.638400,28,28,784,1.254400,3,4,0,0
c4d067a0,dataset/raw-data/ARC-ALL/data/evaluation/c4d067a0.json,27,27,30,30,0,729,900,1.234568,0.190000,28,28,784,1.075446,32,32,1024,1.404664,28,28,784,1.075446,2,2,0,0
c7f57c3e,dataset/raw-data/ARC-ALL/data/evaluation/c7f57c3e.json,28,28,30,30,0,784,900,1.147959,0.128889,28,28,784,1.000000,32,32,1024,1.306122,28,28,784,1.000000,2,2,0,0
cb2d8a2c,dataset/raw-data/ARC-ALL/data/evaluation/cb2d8a2c.json,26,29,30,30,0,754,900,1.193634,0.162222,28,32,896,1.188329,32,32,1024,1.358090,32,32,1024,1.358090,6,6,0,0
cbebaa4b,dataset/raw-data/ARC-ALL/data/evaluation/cbebaa4b.json,26,26,30,30,0,676,900,1.331361,0.248889,28,28,784,1.159763,32,32,1024,1.514793,28,28,784,1.159763,2,2,0,0
d35bdbdc,dataset/raw-data/ARC-ALL/data/evaluation/d35bdbdc.json,10,10,10,10,0,100,100,1.000000,0.888889,12,12,144,1.440000,16,16,256,2.560000,12,12,144,1.440000,1,1,1,1
d59b0160,dataset/raw-data/ARC-ALL/data/evaluation/d59b0160.json,16,16,20,20,0,256,400,1.562500,0.715556,16,16,256,1.000000,16,16,256,1.000000,16,16,256,1.000000,1,1,1,1
d8e07eb2,dataset/raw-data/ARC-ALL/data/evaluation/d8e07eb2.json,22,30,24,30,0,660,720,1.090909,0.266667,24,32,768,1.163636,32,32,1024,1.551515,32,32,1024,1.551515,1,1,1,1
da515329,dataset/raw-data/ARC-ALL/data/evaluation/da515329.json,26,26,30,30,0,676,900,1.331361,0.248889,28,28,784,1.159763,32,32,1024,1.514793,28,28,784,1.159763,4,4,0,0
db0c5428,dataset/raw-data/ARC-ALL/data/evaluation/db0c5428.json,19,19,20,20,0,361,400,1.108033,0.598889,20,20,400,1.108033,24,24,576,1.595568,20,20,400,1.108033,4,4,0,0
db695cfb,dataset/raw-data/ARC-ALL/data/evaluation/db695cfb.json,21,25,24,30,0,525,720,1.371429,0.416667,24,28,672,1.280000,32,32,1024,1.950476,28,28,784,1.493333,6,6,0,0
dbff022c,dataset/raw-data/ARC-ALL/data/evaluation/dbff022c.json,15,13,15,15,0,195,225,1.153846,0.783333,16,16,256,1.312821,16,16,256,1.312821,16,16,256,1.312821,4,4,0,0
dd6b8c4b,dataset/raw-data/ARC-ALL/data/evaluation/dd6b8c4b.json,11,11,12,12,0,121,144,1.190083,0.865556,12,12,144,1.190083,16,16,256,2.115702,12,12,144,1.190083,1,1,1,1
de809cff,dataset/raw-data/ARC-ALL/data/evaluation/de809cff.json,30,30,30,30,0,900,900,1.000000,0.000000,32,32,1024,1.137778,32,32,1024,1.137778,32,32,1024,1.137778,2,2,0,0
dfadab01,dataset/raw-data/ARC-ALL/data/evaluation/dfadab01.json,20,20,20,20,0,400,400,1.000000,0.555556,20,20,400,1.000000,24,24,576,1.440000,20,20,400,1.000000,2,2,0,0
e12f9a14,dataset/raw-data/ARC-ALL/data/evaluation/e12f9a14.json,30,30,30,30,0,900,900,1.000000,0.000000,32,32,1024,1.137778,32,32,1024,1.137778,32,32,1024,1.137778,5,5,0,0
e3721c99,dataset/raw-data/ARC-ALL/data/evaluation/e3721c99.json,30,30,30,30,0,900,900,1.000000,0.000000,32,32,1024,1.137778,32,32,1024,1.137778,32,32,1024,1.137778,1,1,1,1
e376de54,dataset/raw-data/ARC-ALL/data/evaluation/e376de54.json,16,16,20,20,0,256,400,1.562500,0.715556,16,16,256,1.000000,16,16,256,1.000000,16,16,256,1.000000,1,1,1,1
e8686506,dataset/raw-data/ARC-ALL/data/evaluation/e8686506.json,15,15,15,15,0,225,225,1.000000,0.750000,16,16,256,1.137778,16,16,256,1.137778,16,16,256,1.137778,2,2,0,0
e87109e9,dataset/raw-data/ARC-ALL/data/evaluation/e87109e9.json,24,30,24,30,0,720,720,1.000000,0.200000,24,32,768,1.066667,32,32,1024,1.422222,32,32,1024,1.422222,2,2,0,0
edb79dae,dataset/raw-data/ARC-ALL/data/evaluation/edb79dae.json,30,30,30,30,0,900,900,1.000000,0.000000,32,32,1024,1.137778,32,32,1024,1.137778,32,32,1024,1.137778,3,3,0,0
eee78d87,dataset/raw-data/ARC-ALL/data/evaluation/eee78d87.json,16,16,20,20,0,256,400,1.562500,0.715556,16,16,256,1.000000,16,16,256,1.000000,16,16,256,1.000000,1,1,1,1
f560132c,dataset/raw-data/ARC-ALL/data/evaluation/f560132c.json,26,26,30,30,0,676,900,1.331361,0.248889,28,28,784,1.159763,32,32,1024,1.514793,28,28,784,1.159763,2,3,0,0
f931b4a8,dataset/raw-data/ARC-ALL/data/evaluation/f931b4a8.json,16,16,20,20,0,256,400,1.562500,0.715556,16,16,256,1.000000,16,16,256,1.000000,16,16,256,1.000000,3,6,0,0
faa9f03d,dataset/raw-data/ARC-ALL/data/evaluation/faa9f03d.json,12,12,12,12,0,144,144,1.000000,0.840000,12,12,144,1.000000,16,16,256,1.777778,12,12,144,1.000000,1,1,1,1
fc7cae8d,dataset/raw-data/ARC-ALL/data/evaluation/fc7cae8d.json,29,29,30,30,0,841,900,1.070155,0.065556,32,32,1024,1.217598,32,32,1024,1.217598,32,32,1024,1.217598,2,4,0,0
00576224,dataset/raw-data/ARC-ALL/data/training/00576224.json,6,6,6,6,0,36,36,1.000000,0.960000,8,8,64,1.777778,8,8,64,1.777778,8,8,64,1.777778,1,1,1,1
007bbfb7,dataset/raw-data/ARC-ALL/data/training/007bbfb7.json,9,9,10,10,0,81,100,1.234568,0.910000,12,12,144,1.777778,16,16,256,3.160494,12,12,144,1.777778,1,1,1,1
009d5c81,dataset/raw-data/ARC-ALL/data/training/009d5c81.json,14,14,15,15,0,196,225,1.147959,0.782222,16,16,256,1.306122,16,16,256,1.306122,16,16,256,1.306122,1,1,1,1
00d62c1b,dataset/raw-data/ARC-ALL/data/training/00d62c1b.json,20,20,20,20,0,400,400,1.000000,0.555556,20,20,400,1.000000,24,24,576,1.440000,20,20,400,1.000000,3,3,0,0
00dbd492,dataset/raw-data/ARC-ALL/data/training/00dbd492.json,20,20,20,20,0,400,400,1.000000,0.555556,20,20,400,1.000000,24,24,576,1.440000,20,20,400,1.000000,5,5,0,0
017c7c7b,dataset/raw-data/ARC-ALL/data/training/017c7c7b.json,3,9,4,10,0,27,40,1.481481,0.970000,4,12,48,1.777778,16,16,256,9.481481,12,12,144,5.333333,1,1,1,1
025d127b,dataset/raw-data/ARC-ALL/data/training/025d127b.json,10,14,10,15,0,140,150,1.071429,0.844444,12,16,192,1.371429,16,16,256,1.828571,16,16,256,1.828571,3,3,0,0
03560426,dataset/raw-data/ARC-ALL/data/training/03560426.json,10,10,10,10,0,100,100,1.000000,0.888889,12,12,144,1.440000,16,16,256,2.560000,12,12,144,1.440000,1,1,1,1
045e512c,dataset/raw-data/ARC-ALL/data/training/045e512c.json,21,21,24,24,0,441,576,1.306122,0.510000,24,24,576,1.306122,24,24,576,1.306122,24,24,576,1.306122,1,1,1,1
0520fde7,dataset/raw-data/ARC-ALL/data/training/0520fde7.json,7,3,8,4,0,21,32,1.523810,0.976667,8,4,32,1.523810,8,8,64,3.047619,8,8,64,3.047619,1,1,1,1
05269061,dataset/raw-data/ARC-ALL/data/training/05269061.json,7,7,8,8,0,49,64,1.306122,0.945556,8,8,64,1.306122,8,8,64,1.306122,8,8,64,1.306122,1,1,1,1
05a7bcf2,dataset/raw-data/ARC-ALL/data/training/05a7bcf2.json,30,30,30,30,0,900,900,1.000000,0.000000,32,32,1024,1.137778,32,32,1024,1.137778,32,32,1024,1.137778,1,1,1,1
05f2a901,dataset/raw-data/ARC-ALL/data/training/05f2a901.json,10,14,10,15,0,140,150,1.071429,0.844444,12,16,192,1.371429,16,16,256,1.828571,16,16,256,1.828571,3,3,0,0
0607ce86,dataset/raw-data/ARC-ALL/data/training/0607ce86.json,22,24,24,24,0,528,576,1.090909,0.413333,24,24,576,1.090909,24,24,576,1.090909,24,24,576,1.090909,4,4,0,0
0692e18c,dataset/raw-data/ARC-ALL/data/training/0692e18c.json,9,9,10,10,0,81,100,1.234568,0.910000,12,12,144,1.777778,16,16,256,3.160494,12,12,144,1.777778,1,1,1,1
06df4c85,dataset/raw-data/ARC-ALL/data/training/06df4c85.json,26,26,30,30,0,676,900,1.331361,0.248889,28,28,784,1.159763,32,32,1024,1.514793,28,28,784,1.159763,3,3,0,0
070dd51e,dataset/raw-data/ARC-ALL/data/training/070dd51e.json,20,30,20,30,0,600,600,1.000000,0.333333,20,32,640,1.066667,32,32,1024,1.706667,32,32,1024,1.706667,3,3,0,0
08ed6ac7,dataset/raw-data/ARC-ALL/data/training/08ed6ac7.json,9,9,10,10,0,81,100,1.234568,0.910000,12,12,144,1.777778,16,16,256,3.160494,12,12,144,1.777778,1,1,1,1
09629e4f,dataset/raw-data/ARC-ALL/data/training/09629e4f.json,11,11,12,12,0,121,144,1.190083,0.865556,12,12,144,1.190083,16,16,256,2.115702,12,12,144,1.190083,1,1,1,1
0962bcdd,dataset/raw-data/ARC-ALL/data/training/0962bcdd.json,12,12,12,12,0,144,144,1.000000,0.840000,12,12,144,1.000000,16,16,256,1.777778,12,12,144,1.000000,1,1,1,1
09c534e7,dataset/raw-data/ARC-ALL/data/training/09c534e7.json,30,30,30,30,0,900,900,1.000000,0.000000,32,32,1024,1.137778,32,32,1024,1.137778,32,32,1024,1.137778,3,3,0,0
0a1d4ef5,dataset/raw-data/ARC-ALL/data/training/0a1d4ef5.json,30,30,30,30,0,900,900,1.000000,0.000000,32,32,1024,1.137778,32,32,1024,1.137778,32,32,1024,1.137778,1,3,1,0
0a2355a6,dataset/raw-data/ARC-ALL/data/training/0a2355a6.json,17,15,20,15,0,255,300,1.176471,0.716667,20,16,320,1.254902,24,24,576,2.258824,20,20,400,1.568627,5,5,0,0
0a938d79,dataset/raw-data/ARC-ALL/data/training/0a938d79.json,27,24,30,24,0,648,720,1.111111,0.280000,28,24,672,1.037037,32,32,1024,1.580247,28,28,784,1.209877,5,5,0,0
0b148d64,dataset/raw-data/ARC-ALL/data/training/0b148d64.json,21,21,24,24,0,441,576,1.306122,0.510000,24,24,576,1.306122,24,24,576,1.306122,24,24,576,1.306122,4,4,0,0
0b17323b,dataset/raw-data/ARC-ALL/data/training/0b17323b.json,15,15,15,15,0,225,225,1.000000,0.750000,16,16,256,1.137778,16,16,256,1.137778,16,16,256,1.137778,1,1,1,1
0bb8deee,dataset/raw-data/ARC-ALL/data/training/0bb8deee.json,13,16,15,20,0,208,300,1.442308,0.768889,16,16,256,1.230769,16,16,256,1.230769,16,16,256,1.230769,4,1,0,1
0becf7df,dataset/raw-data/ARC-ALL/data/training/0becf7df.json,10,10,10,10,0,100,100,1.000000,0.888889,12,12,144,1.440000,16,16,256,2.560000,12,12,144,1.440000,1,1,1,1
0c786b71,dataset/raw-data/ARC-ALL/data/training/0c786b71.json,8,6,8,6,0,48,48,1.000000,0.946667,8,8,64,1.333333,8,8,64,1.333333,8,8,64,1.333333,1,1,1,1
0c9aba6e,dataset/raw-data/ARC-ALL/data/training/0c9aba6e.json,4,13,4,15,0,52,60,1.153846,0.942222,4,16,64,1.230769,16,16,256,4.923077,16,16,256,4.923077,1,1,1,1
0ca9ddb6,dataset/raw-data/ARC-ALL/data/training/0ca9ddb6.json,9,9,10,10,0,81,100,1.234568,0.910000,12,12,144,1.777778,16,16,256,3.160494,12,12,144,1.777778,1,1,1,1
0d3d703e,dataset/raw-data/ARC-ALL/data/training/0d3d703e.json,3,3,4,4,0,9,16,1.777778,0.990000,4,4,16,1.777778,8,8,64,7.111111,4,4,16,1.777778,1,1,1,1
0d87d2a6,dataset/raw-data/ARC-ALL/data/training/0d87d2a6.json,25,23,30,24,0,575,720,1.252174,0.361111,28,24,672,1.168696,32,32,1024,1.780870,28,28,784,1.363478,4,4,0,0
0dfd9992,dataset/raw-data/ARC-ALL/data/training/0dfd9992.json,21,21,24,24,0,441,576,1.306122,0.510000,24,24,576,1.306122,24,24,576,1.306122,24,24,576,1.306122,1,1,1,1
0e206a2e,dataset/raw-data/ARC-ALL/data/training/0e206a2e.json,19,24,20,24,0,456,480,1.052632,0.493333,20,24,480,1.052632,24,24,576,1.263158,24,24,576,1.263158,4,4,0,0
0e671a1a,dataset/raw-data/ARC-ALL/data/training/0e671a1a.json,13,13,15,15,0,169,225,1.331361,0.812222,16,16,256,1.514793,16,16,256,1.514793,16,16,256,1.514793,1,1,1,1
0f63c0b9,dataset/raw-data/ARC-ALL/data/training/0f63c0b9.json,15,15,15,15,0,225,225,1.000000,0.750000,16,16,256,1.137778,16,16,256,1.137778,16,16,256,1.137778,1,1,1,1
103eff5b,dataset/raw-data/ARC-ALL/data/training/103eff5b.json,26,24,30,24,0,624,720,1.153846,0.306667,28,24,672,1.076923,32,32,1024,1.641026,28,28,784,1.256410,3,3,0,0
10fcaaa3,dataset/raw-data/ARC-ALL/data/training/10fcaaa3.json,10,12,10,12,0,120,120,1.000000,0.866667,12,12,144,1.200000,16,16,256,2.133333,12,12,144,1.200000,5,5,0,0
11852cab,dataset/raw-data/ARC-ALL/data/training/11852cab.json,10,10,10,10,0,100,100,1.000000,0.888889,12,12,144,1.440000,16,16,256,2.560000,12,12,144,1.440000,1,1,1,1
1190bc91,dataset/raw-data/ARC-ALL/data/training/1190bc91.json,10,10,10,10,0,100,100,1.000000,0.888889,12,12,144,1.440000,16,16,256,2.560000,12,12,144,1.440000,3,3,0,0
1190e5a7,dataset/raw-data/ARC-ALL/data/training/1190e5a7.json,27,27,30,30,0,729,900,1.234568,0.190000,28,28,784,1.075446,32,32,1024,1.404664,28,28,784,1.075446,4,4,0,0
11dc524f,dataset/raw-data/ARC-ALL/data/training/11dc524f.json,13,13,15,15,0,169,225,1.331361,0.812222,16,16,256,1.514793,16,16,256,1.514793,16,16,256,1.514793,1,1,1,1
11e1fe23,dataset/raw-data/ARC-ALL/data/training/11e1fe23.json,14,12,15,12,0,168,180,1.071429,0.813333,16,12,192,1.142857,16,16,256,1.523810,16,16,256,1.523810,3,3,0,0
12422b43,dataset/raw-data/ARC-ALL/data/training/12422b43.json,7,13,8,15,0,91,120,1.318681,0.898889,8,16,128,1.406593,16,16,256,2.813187,16,16,256,2.813187,6,6,0,0
12997ef3,dataset/raw-data/ARC-ALL/data/training/12997ef3.json,14,12,15,12,0,168,180,1.071429,0.813333,16,12,192,1.142857,16,16,256,1.523810,16,16,256,1.523810,5,6,0,0
12eac192,dataset/raw-data/ARC-ALL/data/training/12eac192.json,8,9,8,10,0,72,80,1.111111,0.920000,8,12,96,1.333333,16,16,256,3.555556,12,12,144,2.000000,5,5,0,0
13713586,dataset/raw-data/ARC-ALL/data/training/13713586.json,18,19,20,20,0,342,400,1.169591,0.620000,20,20,400,1.169591,24,24,576,1.684211,20,20,400,1.169591,4,4,0,0
137eaa0f,dataset/raw-data/ARC-ALL/data/training/137eaa0f.json,11,11,12,12,0,121,144,1.190083,0.865556,12,12,144,1.190083,16,16,256,2.115702,12,12,144,1.190083,1,1,1,1
137f0df0,dataset/raw-data/ARC-ALL/data/training/137f0df0.json,10,10,10,10,0,100,100,1.000000,0.888889,12,12,144,1.440000,16,16,256,2.560000,12,12,144,1.440000,1,1,1,1
13f06aa5,dataset/raw-data/ARC-ALL/data/training/13f06aa5.json,17,15,20,15,0,255,300,1.176471,0.716667,20,16,320,1.254902,24,24,576,2.258824,20,20,400,1.568627,4,4,0,0
140c817e,dataset/raw-data/ARC-ALL/data/training/140c817e.json,14,14,15,15,0,196,225,1.147959,0.782222,16,16,256,1.306122,16,16,256,1.306122,16,16,256,1.306122,4,4,0,0
14754a24,dataset/raw-data/ARC-ALL/data/training/14754a24.json,19,19,20,20,0,361,400,1.108033,0.598889,20,20,400,1.108033,24,24,576,1.595568,20,20,400,1.108033,4,4,0,0
1478ab18,dataset/raw-data/ARC-ALL/data/training/1478ab18.json,8,8,8,8,0,64,64,1.000000,0.928889,8,8,64,1.000000,8,8,64,1.000000,8,8,64,1.000000,1,1,1,1
14b8e18c,dataset/raw-data/ARC-ALL/data/training/14b8e18c.json,10,10,10,10,0,100,100,1.000000,0.888889,12,12,144,1.440000,16,16,256,2.560000,12,12,144,1.440000,1,1,1,1
150deff5,dataset/raw-data/ARC-ALL/data/training/150deff5.json,11,9,12,10,0,99,120,1.212121,0.890000,12,12,144,1.454545,16,16,256,2.585859,12,12,144,1.454545,4,4,0,0
15113be4,dataset/raw-data/ARC-ALL/data/training/15113be4.json,23,23,24,24,0,529,576,1.088847,0.412222,24,24,576,1.088847,24,24,576,1.088847,24,24,576,1.088847,1,1,1,1
15660dd6,dataset/raw-data/ARC-ALL/data/training/15660dd6.json,29,25,30,30,0,725,900,1.241379,0.194444,32,28,896,1.235862,32,32,1024,1.412414,32,32,1024,1.412414,3,3,0,0
15663ba9,dataset/raw-data/ARC-ALL/data/training/15663ba9.json,16,15,20,15,0,240,300,1.250000,0.733333,16,16,256,1.066667,16,16,256,1.066667,16,16,256,1.066667,4,4,0,0
15696249,dataset/raw-data/ARC-ALL/data/training/15696249.json,9,9,10,10,0,81,100,1.234568,0.910000,12,12,144,1.777778,16,16,256,3.160494,12,12,144,1.777778,1,1,1,1
17829a00,dataset/raw-data/ARC-ALL/data/training/17829a00.json,16,16,20,20,0,256,400,1.562500,0.715556,16,16,256,1.000000,16,16,256,1.000000,16,16,256,1.000000,1,1,1,1
178fcbfb,dataset/raw-data/ARC-ALL/data/training/178fcbfb.json,11,12,12,12,0,132,144,1.090909,0.853333,12,12,144,1.090909,16,16,256,1.939394,12,12,144,1.090909,4,4,0,0
17b80ad2,dataset/raw-data/ARC-ALL/data/training/17b80ad2.json,17,17,20,20,0,289,400,1.384083,0.678889,20,20,400,1.384083,24,24,576,1.993080,20,20,400,1.384083,4,4,0,0
17b866bd,dataset/raw-data/ARC-ALL/data/training/17b866bd.json,21,21,24,24,0,441,576,1.306122,0.510000,24,24,576,1.306122,24,24,576,1.306122,24,24,576,1.306122,3,3,0,0
17cae0c1,dataset/raw-data/ARC-ALL/data/training/17cae0c1.json,9,3,10,4,0,27,40,1.481481,0.970000,12,4,48,1.777778,16,16,256,9.481481,12,12,144,5.333333,1,1,1,1
18286ef8,dataset/raw-data/ARC-ALL/data/training/18286ef8.json,19,19,20,20,0,361,400,1.108033,0.598889,20,20,400,1.108033,24,24,576,1.595568,20,20,400,1.108033,4,4,0,0
182e5d0f,dataset/raw-data/ARC-ALL/data/training/182e5d0f.json,14,14,15,15,0,196,225,1.147959,0.782222,16,16,256,1.306122,16,16,256,1.306122,16,16,256,1.306122,4,4,0,0
18419cfa,dataset/raw-data/ARC-ALL/data/training/18419cfa.json,26,28,30,30,0,728,900,1.236264,0.191111,28,28,784,1.076923,32,32,1024,1.406593,28,28,784,1.076923,4,4,0,0
18447a8d,dataset/raw-data/ARC-ALL/data/training/18447a8d.json,11,17,12,20,0,187,240,1.283422,0.792222,12,20,240,1.283422,24,24,576,3.080214,20,20,400,2.139037,3,3,0,0
184a9768,dataset/raw-data/ARC-ALL/data/training/184a9768.json,26,25,30,30,0,650,900,1.384615,0.277778,28,28,784,1.206154,32,32,1024,1.575385,28,28,784,1.206154,4,4,0,0
195ba7dc,dataset/raw-data/ARC-ALL/data/training/195ba7dc.json,13,5,15,6,0,65,90,1.384615,0.927778,16,8,128,1.969231,16,16,256,3.938462,16,16,256,3.938462,1,1,1,1
1990f7a8,dataset/raw-data/ARC-ALL/data/training/1990f7a8.json,23,23,24,24,0,529,576,1.088847,0.412222,24,24,576,1.088847,24,24,576,1.088847,24,24,576,1.088847,4,1,0,1
19bb5feb,dataset/raw-data/ARC-ALL/data/training/19bb5feb.json,16,16,20,20,0,256,400,1.562500,0.715556,16,16,256,1.000000,16,16,256,1.000000,16,16,256,1.000000,4,1,0,1
1a07d186,dataset/raw-data/ARC-ALL/data/training/1a07d186.json,26,19,30,20,0,494,600,1.214575,0.451111,28,20,560,1.133603,32,32,1024,2.072874,28,28,784,1.587045,4,4,0,0
1a244afd,dataset/raw-data/ARC-ALL/data/training/1a244afd.json,16,16,20,20,0,256,400,1.562500,0.715556,16,16,256,1.000000,16,16,256,1.000000,16,16,256,1.000000,3,3,0,0
1a2e2828,dataset/raw-data/ARC-ALL/data/training/1a2e2828.json,13,11,15,12,0,143,180,1.258741,0.841111,16,12,192,1.342657,16,16,256,1.790210,16,16,256,1.790210,6,1,0,1
1a6449f1,dataset/raw-data/ARC-ALL/data/training/1a6449f1.json,25,27,30,30,0,675,900,1.333333,0.250000,28,28,784,1.161481,32,32,1024,1.517037,28,28,784,1.161481,4,4,0,0
1acc24af,dataset/raw-data/ARC-ALL/data/training/1acc24af.json,12,12,12,12,0,144,144,1.000000,0.840000,12,12,144,1.000000,16,16,256,1.777778,12,12,144,1.000000,1,1,1,1
1b2d62fb,dataset/raw-data/ARC-ALL/data/training/1b2d62fb.json,7,5,8,6,0,35,48,1.371429,0.961111,8,8,64,1.828571,8,8,64,1.828571,8,8,64,1.828571,1,1,1,1
1b59e163,dataset/raw-data/ARC-ALL/data/training/1b59e163.json,18,18,20,20,0,324,400,1.234568,0.640000,20,20,400,1.234568,24,24,576,1.777778,20,20,400,1.234568,1,1,1,1
1b60fb0c,dataset/raw-data/ARC-ALL/data/training/1b60fb0c.json,10,10,10,10,0,100,100,1.000000,0.888889,12,12,144,1.440000,16,16,256,2.560000,12,12,144,1.440000,1,1,1,1
1b8318e3,dataset/raw-data/ARC-ALL/data/training/1b8318e3.json,15,15,15,15,0,225,225,1.000000,0.750000,16,16,256,1.137778,16,16,256,1.137778,16,16,256,1.137778,2,2,0,0
1be83260,dataset/raw-data/ARC-ALL/data/training/1be83260.json,27,27,30,30,0,729,900,1.234568,0.190000,28,28,784,1.075446,32,32,1024,1.404664,28,28,784,1.075446,4,4,0,0
1bfc4729,dataset/raw-data/ARC-ALL/data/training/1bfc4729.json,10,10,10,10,0,100,100,1.000000,0.888889,12,12,144,1.440000,16,16,256,2.560000,12,12,144,1.440000,1,1,1,1
1c02dbbe,dataset/raw-data/ARC-ALL/data/training/1c02dbbe.json,15,15,15,15,0,225,225,1.000000,0.750000,16,16,256,1.137778,16,16,256,1.137778,16,16,256,1.137778,1,1,1,1
1c0d0a4b,dataset/raw-data/ARC-ALL/data/training/1c0d0a4b.json,13,13,15,15,0,169,225,1.331361,0.812222,16,16,256,1.514793,16,16,256,1.514793,16,16,256,1.514793,4,4,0,0
1c56ad9f,dataset/raw-data/ARC-ALL/data/training/1c56ad9f.json,15,15,15,15,0,225,225,1.000000,0.750000,16,16,256,1.137778,16,16,256,1.137778,16,16,256,1.137778,3,3,0,0
1c786137,dataset/raw-data/ARC-ALL/data/training/1c786137.json,21,23,24,24,0,483,576,1.192547,0.463333,24,24,576,1.192547,24,24,576,1.192547,24,24,576,1.192547,4,4,0,0
1caeab9d,dataset/raw-data/ARC-ALL/data/training/1caeab9d.json,10,10,10,10,0,100,100,1.000000,0.888889,12,12,144,1.440000,16,16,256,2.560000,12,12,144,1.440000,2,2,0,0
1cf80156,dataset/raw-data/ARC-ALL/data/training/1cf80156.json,12,12,12,12,0,144,144,1.000000,0.840000,12,12,144,1.000000,16,16,256,1.777778,12,12,144,1.000000,3,4,0,0
1d0a4b61,dataset/raw-data/ARC-ALL/data/training/1d0a4b61.json,25,25,30,30,0,625,900,1.440000,0.305556,28,28,784,1.254400,32,32,1024,1.638400,28,28,784,1.254400,1,1,1,1
1d398264,dataset/raw-data/ARC-ALL/data/training/1d398264.json,20,20,20,20,0,400,400,1.000000,0.555556,20,20,400,1.000000,24,24,576,1.440000,20,20,400,1.000000,5,5,0,0
1d61978c,dataset/raw-data/ARC-ALL/data/training/1d61978c.json,16,16,20,20,0,256,400,1.562500,0.715556,16,16,256,1.000000,16,16,256,1.000000,16,16,256,1.000000,1,1,1,1
1da012fc,dataset/raw-data/ARC-ALL/data/training/1da012fc.json,25,19,30,20,0,475,600,1.263158,0.472222,28,20,560,1.178947,32,32,1024,2.155789,28,28,784,1.650526,3,3,0,0
1e0a9b12,dataset/raw-data/ARC-ALL/data/training/1e0a9b12.json,6,6,6,6,0,36,36,1.000000,0.960000,8,8,64,1.777778,8,8,64,1.777778,8,8,64,1.777778,3,3,0,0
1e32b0e9,dataset/raw-data/ARC-ALL/data/training/1e32b0e9.json,17,17,20,20,0,289,400,1.384083,0.678889,20,20,400,1.384083,24,24,576,1.993080,20,20,400,1.384083,1,1,1,1
1e5d6875,dataset/raw-data/ARC-ALL/data/training/1e5d6875.json,16,16,20,20,0,256,400,1.562500,0.715556,16,16,256,1.000000,16,16,256,1.000000,16,16,256,1.000000,2,2,0,0
1e81d6f9,dataset/raw-data/ARC-ALL/data/training/1e81d6f9.json,15,15,15,15,0,225,225,1.000000,0.750000,16,16,256,1.137778,16,16,256,1.137778,16,16,256,1.137778,1,1,1,1
1efba499,dataset/raw-data/ARC-ALL/data/training/1efba499.json,14,12,15,12,0,168,180,1.071429,0.813333,16,12,192,1.142857,16,16,256,1.523810,16,16,256,1.523810,2,2,0,0
1f0c79e5,dataset/raw-data/ARC-ALL/data/training/1f0c79e5.json,9,9,10,10,0,81,100,1.234568,0.910000,12,12,144,1.777778,16,16,256,3.160494,12,12,144,1.777778,1,1,1,1
1f642eb9,dataset/raw-data/ARC-ALL/data/training/1f642eb9.json,10,10,10,10,0,100,100,1.000000,0.888889,12,12,144,1.440000,16,16,256,2.560000,12,12,144,1.440000,1,1,1,1
1f85a75f,dataset/raw-data/ARC-ALL/data/training/1f85a75f.json,30,30,30,30,0,900,900,1.000000,0.000000,32,32,1024,1.137778,32,32,1024,1.137778,32,32,1024,1.137778,1,3,1,0
1f876c06,dataset/raw-data/ARC-ALL/data/training/1f876c06.json,10,10,10,10,0,100,100,1.000000,0.888889,12,12,144,1.440000,16,16,256,2.560000,12,12,144,1.440000,1,1,1,1
1fad071e,dataset/raw-data/ARC-ALL/data/training/1fad071e.json,9,9,10,10,0,81,100,1.234568,0.910000,12,12,144,1.777778,16,16,256,3.160494,12,12,144,1.777778,1,1,1,1
2013d3e2,dataset/raw-data/ARC-ALL/data/training/2013d3e2.json,10,10,10,10,0,100,100,1.000000,0.888889,12,12,144,1.440000,16,16,256,2.560000,12,12,144,1.440000,1,1,1,1
2037f2c7,dataset/raw-data/ARC-ALL/data/training/2037f2c7.json,25,25,30,30,0,625,900,1.440000,0.305556,28,28,784,1.254400,32,32,1024,1.638400,28,28,784,1.254400,4,4,0,0
2072aba6,dataset/raw-data/ARC-ALL/data/training/2072aba6.json,6,6,6,6,0,36,36,1.000000,0.960000,8,8,64,1.777778,8,8,64,1.777778,8,8,64,1.777778,1,1,1,1
20818e16,dataset/raw-data/ARC-ALL/data/training/20818e16.json,16,16,20,20,0,256,400,1.562500,0.715556,16,16,256,1.000000,16,16,256,1.000000,16,16,256,1.000000,4,4,0,0
20981f0e,dataset/raw-data/ARC-ALL/data/training/20981f0e.json,19,17,20,20,0,323,400,1.238390,0.641111,20,20,400,1.238390,24,24,576,1.783282,20,20,400,1.238390,4,4,0,0
20fb2937,dataset/raw-data/ARC-ALL/data/training/20fb2937.json,11,20,12,20,0,220,240,1.090909,0.755556,12,20,240,1.090909,24,24,576,2.618182,20,20,400,1.818182,1,1,1,1
212895b5,dataset/raw-data/ARC-ALL/data/training/212895b5.json,23,21,24,24,0,483,576,1.192547,0.463333,24,24,576,1.192547,24,24,576,1.192547,24,24,576,1.192547,4,4,0,0
21f83797,dataset/raw-data/ARC-ALL/data/training/21f83797.json,13,13,15,15,0,169,225,1.331361,0.812222,16,16,256,1.514793,16,16,256,1.514793,16,16,256,1.514793,1,1,1,1
2204b7a8,dataset/raw-data/ARC-ALL/data/training/2204b7a8.json,10,10,10,10,0,100,100,1.000000,0.888889,12,12,144,1.440000,16,16,256,2.560000,12,12,144,1.440000,1,1,1,1
22168020,dataset/raw-data/ARC-ALL/data/training/22168020.json,10,10,10,10,0,100,100,1.000000,0.888889,12,12,144,1.440000,16,16,256,2.560000,12,12,144,1.440000,1,1,1,1
22208ba4,dataset/raw-data/ARC-ALL/data/training/22208ba4.json,30,22,30,24,0,660,720,1.090909,0.266667,32,24,768,1.163636,32,32,1024,1.551515,32,32,1024,1.551515,5,5,0,0
22233c11,dataset/raw-data/ARC-ALL/data/training/22233c11.json,10,10,10,10,0,100,100,1.000000,0.888889,12,12,144,1.440000,16,16,256,2.560000,12,12,144,1.440000,1,1,1,1
22425bda,dataset/raw-data/ARC-ALL/data/training/22425bda.json,16,16,20,20,0,256,400,1.562500,0.715556,16,16,256,1.000000,16,16,256,1.000000,16,16,256,1.000000,4,5,0,0
22806e14,dataset/raw-data/ARC-ALL/data/training/22806e14.json,16,16,20,20,0,256,400,1.562500,0.715556,16,16,256,1.000000,16,16,256,1.000000,16,16,256,1.000000,1,1,1,1
2281f1f4,dataset/raw-data/ARC-ALL/data/training/2281f1f4.json,10,10,10,10,0,100,100,1.000000,0.888889,12,12,144,1.440000,16,16,256,2.560000,12,12,144,1.440000,1,1,1,1
228f6490,dataset/raw-data/ARC-ALL/data/training/228f6490.json,10,10,10,10,0,100,100,1.000000,0.888889,12,12,144,1.440000,16,16,256,2.560000,12,12,144,1.440000,1,1,1,1
22a4bbc2,dataset/raw-data/ARC-ALL/data/training/22a4bbc2.json,5,22,6,24,0,110,144,1.309091,0.877778,8,24,192,1.745455,24,24,576,5.236364,24,24,576,5.236364,5,5,0,0
22eb0ac0,dataset/raw-data/ARC-ALL/data/training/22eb0ac0.json,10,10,10,10,0,100,100,1.000000,0.888889,12,12,144,1.440000,16,16,256,2.560000,12,12,144,1.440000,1,1,1,1
230f2e48,dataset/raw-data/ARC-ALL/data/training/230f2e48.json,16,16,20,20,0,256,400,1.562500,0.715556,16,16,256,1.000000,16,16,256,1.000000,16,16,256,1.000000,4,4,0,0
234bbc79,dataset/raw-data/ARC-ALL/data/training/234bbc79.json,11,3,12,4,0,33,48,1.454545,0.963333,12,4,48,1.454545,16,16,256,7.757576,12,12,144,4.363636,2,3,0,0
23581191,dataset/raw-data/ARC-ALL/data/training/23581191.json,9,9,10,10,0,81,100,1.234568,0.910000,12,12,144,1.777778,16,16,256,3.160494,12,12,144,1.777778,1,1,1,1
239be575,dataset/raw-data/ARC-ALL/data/training/239be575.json,7,8,8,8,0,56,64,1.142857,0.937778,8,8,64,1.142857,8,8,64,1.142857,8,8,64,1.142857,5,1,0,1
23b5c85d,dataset/raw-data/ARC-ALL/data/training/23b5c85d.json,20,20,20,20,0,400,400,1.000000,0.555556,20,20,400,1.000000,24,24,576,1.440000,20,20,400,1.000000,6,5,0,0
25094a63,dataset/raw-data/ARC-ALL/data/training/25094a63.json,30,30,30,30,0,900,900,1.000000,0.000000,32,32,1024,1.137778,32,32,1024,1.137778,32,32,1024,1.137778,1,1,1,1
252143c9,dataset/raw-data/ARC-ALL/data/training/252143c9.json,13,13,15,15,0,169,225,1.331361,0.812222,16,16,256,1.514793,16,16,256,1.514793,16,16,256,1.514793,3,3,0,0
253bf280,dataset/raw-data/ARC-ALL/data/training/253bf280.json,13,12,15,12,0,156,180,1.153846,0.826667,16,12,192,1.230769,16,16,256,1.641026,16,16,256,1.641026,8,8,0,0
2546ccf6,dataset/raw-data/ARC-ALL/data/training/2546ccf6.json,23,26,24,30,0,598,720,1.204013,0.335556,24,28,672,1.123746,32,32,1024,1.712375,28,28,784,1.311037,3,3,0,0
256b0a75,dataset/raw-data/ARC-ALL/data/training/256b0a75.json,26,25,30,30,0,650,900,1.384615,0.277778,28,28,784,1.206154,32,32,1024,1.575385,28,28,784,1.206154,4,4,0,0
25c199f5,dataset/raw-data/ARC-ALL/data/training/25c199f5.json,17,5,20,6,0,85,120,1.411765,0.905556,20,8,160,1.882353,24,24,576,6.776471,20,20,400,4.705882,1,1,1,1
25d487eb,dataset/raw-data/ARC-ALL/data/training/25d487eb.json,15,16,15,20,0,240,300,1.250000,0.733333,16,16,256,1.066667,16,16,256,1.066667,16,16,256,1.066667,4,4,0,0
25d8a9c8,dataset/raw-data/ARC-ALL/data/training/25d8a9c8.json,3,3,4,4,0,9,16,1.777778,0.990000,4,4,16,1.777778,8,8,64,7.111111,4,4,16,1.777778,1,1,1,1
25e02866,dataset/raw-data/ARC-ALL/data/training/25e02866.json,18,18,20,20,0,324,400,1.234568,0.640000,20,20,400,1.234568,24,24,576,1.777778,20,20,400,1.234568,3,3,0,0
25ff71a9,dataset/raw-data/ARC-ALL/data/training/25ff71a9.json,3,3,4,4,0,9,16,1.777778,0.990000,4,4,16,1.777778,8,8,64,7.111111,4,4,16,1.777778,1,1,1,1
2601afb7,dataset/raw-data/ARC-ALL/data/training/2601afb7.json,11,11,12,12,0,121,144,1.190083,0.865556,12,12,144,1.190083,16,16,256,2.115702,12,12,144,1.190083,3,3,0,0
264363fd,dataset/raw-data/ARC-ALL/data/training/264363fd.json,30,30,30,30,0,900,900,1.000000,0.000000,32,32,1024,1.137778,32,32,1024,1.137778,32,32,1024,1.137778,1,1,1,1
2685904e,dataset/raw-data/ARC-ALL/data/training/2685904e.json,10,10,10,10,0,100,100,1.000000,0.888889,12,12,144,1.440000,16,16,256,2.560000,12,12,144,1.440000,1,1,1,1
2697da3f,dataset/raw-data/ARC-ALL/data/training/2697da3f.json,17,17,20,20,0,289,400,1.384083,0.678889,20,20,400,1.384083,24,24,576,1.993080,20,20,400,1.384083,5,3,0,0
272f95fa,dataset/raw-data/ARC-ALL/data/training/272f95fa.json,19,18,20,20,0,342,400,1.169591,0.620000,20,20,400,1.169591,24,24,576,1.684211,20,20,400,1.169591,3,3,0,0
2753e76c,dataset/raw-data/ARC-ALL/data/training/2753e76c.json,16,16,20,20,0,256,400,1.562500,0.715556,16,16,256,1.000000,16,16,256,1.000000,16,16,256,1.000000,1,4,1,0
278e5215,dataset/raw-data/ARC-ALL/data/training/278e5215.json,18,18,20,20,0,324,400,1.234568,0.640000,20,20,400,1.234568,24,24,576,1.777778,20,20,400,1.234568,4,4,0,0
27a28665,dataset/raw-data/ARC-ALL/data/training/27a28665.json,3,3,4,4,0,9,16,1.777778,0.990000,4,4,16,1.777778,8,8,64,7.111111,4,4,16,1.777778,1,1,1,1
27a77e38,dataset/raw-data/ARC-ALL/data/training/27a77e38.json,9,9,10,10,0,81,100,1.234568,0.910000,12,12,144,1.777778,16,16,256,3.160494,12,12,144,1.777778,4,4,0,0
27f8ce4f,dataset/raw-data/ARC-ALL/data/training/27f8ce4f.json,9,9,10,10,0,81,100,1.234568,0.910000,12,12,144,1.777778,16,16,256,3.160494,12,12,144,1.777778,1,1,1,1
281123b4,dataset/raw-data/ARC-ALL/data/training/281123b4.json,19,4,20,4,0,76,80,1.052632,0.915556,20,4,80,1.052632,24,24,576,7.578947,20,20,400,5.263158,1,1,1,1
28bf18c6,dataset/raw-data/ARC-ALL/data/training/28bf18c6.json,8,8,8,8,0,64,64,1.000000,0.928889,8,8,64,1.000000,8,8,64,1.000000,8,8,64,1.000000,1,1,1,1
28e73c20,dataset/raw-data/ARC-ALL/data/training/28e73c20.json,18,18,20,20,0,324,400,1.234568,0.640000,20,20,400,1.234568,24,24,576,1.777778,20,20,400,1.234568,6,6,0,0
292dd178,dataset/raw-data/ARC-ALL/data/training/292dd178.json,15,11,15,12,0,165,180,1.090909,0.816667,16,12,192,1.163636,16,16,256,1.551515,16,16,256,1.551515,4,4,0,0
29623171,dataset/raw-data/ARC-ALL/data/training/29623171.json,11,11,12,12,0,121,144,1.190083,0.865556,12,12,144,1.190083,16,16,256,2.115702,12,12,144,1.190083,1,1,1,1
29700607,dataset/raw-data/ARC-ALL/data/training/29700607.json,15,15,15,15,0,225,225,1.000000,0.750000,16,16,256,1.137778,16,16,256,1.137778,16,16,256,1.137778,3,3,0,0
29c11459,dataset/raw-data/ARC-ALL/data/training/29c11459.json,11,5,12,6,0,55,72,1.309091,0.938889,12,8,96,1.745455,16,16,256,4.654545,12,12,144,2.618182,1,1,1,1
29ec7d0e,dataset/raw-data/ARC-ALL/data/training/29ec7d0e.json,18,18,20,20,0,324,400,1.234568,0.640000,20,20,400,1.234568,24,24,576,1.777778,20,20,400,1.234568,1,1,1,1
2a28add5,dataset/raw-data/ARC-ALL/data/training/2a28add5.json,10,10,10,10,0,100,100,1.000000,0.888889,12,12,144,1.440000,16,16,256,2.560000,12,12,144,1.440000,1,1,1,1
2a5f8217,dataset/raw-data/ARC-ALL/data/training/2a5f8217.json,13,13,15,15,0,169,225,1.331361,0.812222,16,16,256,1.514793,16,16,256,1.514793,16,16,256,1.514793,4,4,0,0
2b01abd0,dataset/raw-data/ARC-ALL/data/training/2b01abd0.json,16,14,20,15,0,224,300,1.339286,0.751111,16,16,256,1.142857,16,16,256,1.142857,16,16,256,1.142857,4,4,0,0
2b9ef948,dataset/raw-data/ARC-ALL/data/training/2b9ef948.json,30,30,30,30,0,900,900,1.000000,0.000000,32,32,1024,1.137778,32,32,1024,1.137778,32,32,1024,1.137778,4,4,0,0
2bcee788,dataset/raw-data/ARC-ALL/data/training/2bcee788.json,10,10,10,10,0,100,100,1.000000,0.888889,12,12,144,1.440000,16,16,256,2.560000,12,12,144,1.440000,1,1,1,1
2bee17df,dataset/raw-data/ARC-ALL/data/training/2bee17df.json,14,14,15,15,0,196,225,1.147959,0.782222,16,16,256,1.306122,16,16,256,1.306122,16,16,256,1.306122,3,3,0,0
2c0b0aff,dataset/raw-data/ARC-ALL/data/training/2c0b0aff.json,24,24,24,24,0,576,576,1.000000,0.360000,24,24,576,1.000000,24,24,576,1.000000,24,24,576,1.000000,4,5,0,0
2c608aff,dataset/raw-data/ARC-ALL/data/training/2c608aff.json,21,19,24,20,0,399,480,1.203008,0.556667,24,20,480,1.203008,24,24,576,1.443609,24,24,576,1.443609,5,5,0,0
2c737e39,dataset/raw-data/ARC-ALL/data/training/2c737e39.json,12,12,12,12,0,144,144,1.000000,0.840000,12,12,144,1.000000,16,16,256,1.777778,12,12,144,1.000000,4,4,0,0
2ccd9fef,dataset/raw-data/ARC-ALL/data/training/2ccd9fef.json,27,24,30,24,0,648,720,1.111111,0.280000,28,24,672,1.037037,32,32,1024,1.580247,28,28,784,1.209877,4,4,0,0
2dc579da,dataset/raw-data/ARC-ALL/data/training/2dc579da.json,13,13,15,15,0,169,225,1.331361,0.812222,16,16,256,1.514793,16,16,256,1.514793,16,16,256,1.514793,4,4,0,0
2dd70a9a,dataset/raw-data/ARC-ALL/data/training/2dd70a9a.json,20,20,20,20,0,400,400,1.000000,0.555556,20,20,400,1.000000,24,24,576,1.440000,20,20,400,1.000000,4,4,0,0
2de01db2,dataset/raw-data/ARC-ALL/data/training/2de01db2.json,10,3,10,4,0,30,40,1.333333,0.966667,12,4,48,1.600000,16,16,256,8.533333,12,12,144,4.800000,1,1,1,1
2dee498d,dataset/raw-data/ARC-ALL/data/training/2dee498d.json,15,5,15,6,0,75,90,1.200000,0.916667,16,8,128,1.706667,16,16,256,3.413333,16,16,256,3.413333,4,4,0,0
2e65ae53,dataset/raw-data/ARC-ALL/data/training/2e65ae53.json,28,28,30,30,0,784,900,1.147959,0.128889,28,28,784,1.000000,32,32,1024,1.306122,28,28,784,1.000000,2,2,0,0
2f0c5170,dataset/raw-data/ARC-ALL/data/training/2f0c5170.json,23,21,24,24,0,483,576,1.192547,0.463333,24,24,576,1.192547,24,24,576,1.192547,24,24,576,1.192547,4,4,0,0
2f767503,dataset/raw-data/ARC-ALL/data/training/2f767503.json,13,14,15,15,0,182,225,1.236264,0.797778,16,16,256,1.406593,16,16,256,1.406593,16,16,256,1.406593,4,4,0,0
2faf500b,dataset/raw-data/ARC-ALL/data/training/2faf500b.json,19,19,20,20,0,361,400,1.108033,0.598889,20,20,400,1.108033,24,24,576,1.595568,20,20,400,1.108033,4,4,0,0
305b1341,dataset/raw-data/ARC-ALL/data/training/305b1341.json,20,20,20,20,0,400,400,1.000000,0.555556,20,20,400,1.000000,24,24,576,1.440000,20,20,400,1.000000,1,1,1,1
30f42897,dataset/raw-data/ARC-ALL/data/training/30f42897.json,14,7,15,8,0,98,120,1.224490,0.891111,16,8,128,1.306122,16,16,256,2.612245,16,16,256,2.612245,4,4,0,0
310f3251,dataset/raw-data/ARC-ALL/data/training/310f3251.json,15,15,15,15,0,225,225,1.000000,0.750000,16,16,256,1.137778,16,16,256,1.137778,16,16,256,1.137778,4,4,0,0
3194b014,dataset/raw-data/ARC-ALL/data/training/3194b014.json,20,20,20,20,0,400,400,1.000000,0.555556,20,20,400,1.000000,24,24,576,1.440000,20,20,400,1.000000,1,1,1,1
319f2597,dataset/raw-data/ARC-ALL/data/training/319f2597.json,20,20,20,20,0,400,400,1.000000,0.555556,20,20,400,1.000000,24,24,576,1.440000,20,20,400,1.000000,1,1,1,1
31aa019c,dataset/raw-data/ARC-ALL/data/training/31aa019c.json,10,10,10,10,0,100,100,1.000000,0.888889,12,12,144,1.440000,16,16,256,2.560000,12,12,144,1.440000,1,1,1,1
31adaf00,dataset/raw-data/ARC-ALL/data/training/31adaf00.json,10,10,10,10,0,100,100,1.000000,0.888889,12,12,144,1.440000,16,16,256,2.560000,12,12,144,1.440000,1,1,1,1
31d5ba1a,dataset/raw-data/ARC-ALL/data/training/31d5ba1a.json,5,6,6,6,0,30,36,1.200000,0.966667,8,8,64,2.133333,8,8,64,2.133333,8,8,64,2.133333,1,1,1,1
320afe60,dataset/raw-data/ARC-ALL/data/training/320afe60.json,26,22,30,24,0,572,720,1.258741,0.364444,28,24,672,1.174825,32,32,1024,1.790210,28,28,784,1.370629,5,5,0,0
321b1fc6,dataset/raw-data/ARC-ALL/data/training/321b1fc6.json,10,10,10,10,0,100,100,1.000000,0.888889,12,12,144,1.440000,16,16,256,2.560000,12,12,144,1.440000,1,1,1,1
32597951,dataset/raw-data/ARC-ALL/data/training/32597951.json,17,17,20,20,0,289,400,1.384083,0.678889,20,20,400,1.384083,24,24,576,1.993080,20,20,400,1.384083,1,1,1,1
32e9702f,dataset/raw-data/ARC-ALL/data/training/32e9702f.json,10,10,10,10,0,100,100,1.000000,0.888889,12,12,144,1.440000,16,16,256,2.560000,12,12,144,1.440000,4,4,0,0
33067df9,dataset/raw-data/ARC-ALL/data/training/33067df9.json,26,26,30,30,0,676,900,1.331361,0.248889,28,28,784,1.159763,32,32,1024,1.514793,28,28,784,1.159763,5,1,0,1
332202d5,dataset/raw-data/ARC-ALL/data/training/332202d5.json,16,16,20,20,0,256,400,1.562500,0.715556,16,16,256,1.000000,16,16,256,1.000000,16,16,256,1.000000,1,1,1,1
332efdb3,dataset/raw-data/ARC-ALL/data/training/332efdb3.json,11,11,12,12,0,121,144,1.190083,0.865556,12,12,144,1.190083,16,16,256,2.115702,12,12,144,1.190083,4,4,0,0
3345333e,dataset/raw-data/ARC-ALL/data/training/3345333e.json,16,16,20,20,0,256,400,1.562500,0.715556,16,16,256,1.000000,16,16,256,1.000000,16,16,256,1.000000,1,1,1,1
337b420f,dataset/raw-data/ARC-ALL/data/training/337b420f.json,17,5,20,6,0,85,120,1.411765,0.905556,20,8,160,1.882353,24,24,576,6.776471,20,20,400,4.705882,1,1,1,1
3391f8c0,dataset/raw-data/ARC-ALL/data/training/3391f8c0.json,17,11,20,12,0,187,240,1.283422,0.792222,20,12,240,1.283422,24,24,576,3.080214,20,20,400,2.139037,5,5,0,0
33b52de3,dataset/raw-data/ARC-ALL/data/training/33b52de3.json,23,23,24,24,0,529,576,1.088847,0.412222,24,24,576,1.088847,24,24,576,1.088847,24,24,576,1.088847,1,1,1,1
3428a4f5,dataset/raw-data/ARC-ALL/data/training/3428a4f5.json,5,13,6,15,0,65,90,1.384615,0.927778,8,16,128,1.969231,16,16,256,3.938462,16,16,256,3.938462,1,1,1,1
342ae2ed,dataset/raw-data/ARC-ALL/data/training/342ae2ed.json,16,16,20,20,0,256,400,1.562500,0.715556,16,16,256,1.000000,16,16,256,1.000000,16,16,256,1.000000,1,1,1,1
342dd610,dataset/raw-data/ARC-ALL/data/training/342dd610.json,16,16,20,20,0,256,400,1.562500,0.715556,16,16,256,1.000000,16,16,256,1.000000,16,16,256,1.000000,2,2,0,0
3490cc26,dataset/raw-data/ARC-ALL/data/training/3490cc26.json,28,26,30,30,0,728,900,1.236264,0.191111,28,28,784,1.076923,32,32,1024,1.406593,28,28,784,1.076923,5,5,0,0
34b99a2b,dataset/raw-data/ARC-ALL/data/training/34b99a2b.json,9,5,10,6,0,45,60,1.333333,0.950000,12,8,96,2.133333,16,16,256,5.688889,12,12,144,3.200000,1,1,1,1
34cfa167,dataset/raw-data/ARC-ALL/data/training/34cfa167.json,30,30,30,30,0,900,900,1.000000,0.000000,32,32,1024,1.137778,32,32,1024,1.137778,32,32,1024,1.137778,4,4,0,0
351d6448,dataset/raw-data/ARC-ALL/data/training/351d6448.json,13,15,15,15,0,195,225,1.153846,0.783333,16,16,256,1.312821,16,16,256,1.312821,16,16,256,1.312821,1,1,1,1
358ba94e,dataset/raw-data/ARC-ALL/data/training/358ba94e.json,19,17,20,20,0,323,400,1.238390,0.641111,20,20,400,1.238390,24,24,576,1.783282,20,20,400,1.238390,4,1,0,1
3618c87e,dataset/raw-data/ARC-ALL/data/training/3618c87e.json,5,5,6,6,0,25,36,1.440000,0.972222,8,8,64,2.560000,8,8,64,2.560000,8,8,64,2.560000,1,1,1,1
3631a71a,dataset/raw-data/ARC-ALL/data/training/3631a71a.json,30,30,30,30,0,900,900,1.000000,0.000000,32,32,1024,1.137778,32,32,1024,1.137778,32,32,1024,1.137778,1,1,1,1
363442ee,dataset/raw-data/ARC-ALL/data/training/363442ee.json,13,9,15,10,0,117,150,1.282051,0.870000,16,12,192,1.641026,16,16,256,2.188034,16,16,256,2.188034,1,1,1,1
36d67576,dataset/raw-data/ARC-ALL/data/training/36d67576.json,15,14,15,15,0,210,225,1.071429,0.766667,16,16,256,1.219048,16,16,256,1.219048,16,16,256,1.219048,2,2,0,0
36fdfd69,dataset/raw-data/ARC-ALL/data/training/36fdfd69.json,18,17,20,20,0,306,400,1.307190,0.660000,20,20,400,1.307190,24,24,576,1.882353,20,20,400,1.307190,3,3,0,0
37ce87bb,dataset/raw-data/ARC-ALL/data/training/37ce87bb.json,15,9,15,10,0,135,150,1.111111,0.850000,16,12,192,1.422222,16,16,256,1.896296,16,16,256,1.896296,3,3,0,0
37d3e8b2,dataset/raw-data/ARC-ALL/data/training/37d3e8b2.json,18,19,20,20,0,342,400,1.169591,0.620000,20,20,400,1.169591,24,24,576,1.684211,20,20,400,1.169591,4,4,0,0
3906de3d,dataset/raw-data/ARC-ALL/data/training/3906de3d.json,10,10,10,10,0,100,100,1.000000,0.888889,12,12,144,1.440000,16,16,256,2.560000,12,12,144,1.440000,1,1,1,1
396d80d7,dataset/raw-data/ARC-ALL/data/training/396d80d7.json,16,16,20,20,0,256,400,1.562500,0.715556,16,16,256,1.000000,16,16,256,1.000000,16,16,256,1.000000,1,1,1,1
3979b1a8,dataset/raw-data/ARC-ALL/data/training/3979b1a8.json,10,10,10,10,0,100,100,1.000000,0.888889,12,12,144,1.440000,16,16,256,2.560000,12,12,144,1.440000,1,1,1,1
39a8645d,dataset/raw-data/ARC-ALL/data/training/39a8645d.json,14,14,15,15,0,196,225,1.147959,0.782222,16,16,256,1.306122,16,16,256,1.306122,16,16,256,1.306122,1,1,1,1
39e1d7f9,dataset/raw-data/ARC-ALL/data/training/39e1d7f9.json,29,29,30,30,0,841,900,1.070155,0.065556,32,32,1024,1.217598,32,32,1024,1.217598,32,32,1024,1.217598,3,3,0,0
3a301edc,dataset/raw-data/ARC-ALL/data/training/3a301edc.json,21,21,24,24,0,441,576,1.306122,0.510000,24,24,576,1.306122,24,24,576,1.306122,24,24,576,1.306122,6,6,0,0
3aa6fb7a,dataset/raw-data/ARC-ALL/data/training/3aa6fb7a.json,7,7,8,8,0,49,64,1.306122,0.945556,8,8,64,1.306122,8,8,64,1.306122,8,8,64,1.306122,1,1,1,1
3ac3eb23,dataset/raw-data/ARC-ALL/data/training/3ac3eb23.json,12,6,12,6,0,72,72,1.000000,0.920000,12,8,96,1.333333,16,16,256,3.555556,12,12,144,2.000000,3,3,0,0
3ad05f52,dataset/raw-data/ARC-ALL/data/training/3ad05f52.json,28,29,30,30,0,812,900,1.108374,0.097778,28,32,896,1.103448,32,32,1024,1.261084,32,32,1024,1.261084,4,4,0,0
3af2c5a8,dataset/raw-data/ARC-ALL/data/training/3af2c5a8.json,8,6,8,6,0,48,48,1.000000,0.946667,8,8,64,1.333333,8,8,64,1.333333,8,8,64,1.333333,1,1,1,1
3b4c2228,dataset/raw-data/ARC-ALL/data/training/3b4c2228.json,8,8,8,8,0,64,64,1.000000,0.928889,8,8,64,1.000000,8,8,64,1.000000,8,8,64,1.000000,6,1,0,1
3bd292e8,dataset/raw-data/ARC-ALL/data/training/3bd292e8.json,9,9,10,10,0,81,100,1.234568,0.910000,12,12,144,1.777778,16,16,256,3.160494,12,12,144,1.777778,3,3,0,0
3bd67248,dataset/raw-data/ARC-ALL/data/training/3bd67248.json,15,15,15,15,0,225,225,1.000000,0.750000,16,16,256,1.137778,16,16,256,1.137778,16,16,256,1.137778,4,4,0,0
3bdb4ada,dataset/raw-data/ARC-ALL/data/training/3bdb4ada.json,30,11,30,12,0,330,360,1.090909,0.633333,32,12,384,1.163636,32,32,1024,3.103030,32,32,1024,3.103030,3,3,0,0
3befdf3e,dataset/raw-data/ARC-ALL/data/training/3befdf3e.json,12,12,12,12,0,144,144,1.000000,0.840000,12,12,144,1.000000,16,16,256,1.777778,12,12,144,1.000000,2,2,0,0
3c9b0459,dataset/raw-data/ARC-ALL/data/training/3c9b0459.json,3,3,4,4,0,9,16,1.777778,0.990000,4,4,16,1.777778,8,8,64,7.111111,4,4,16,1.777778,1,1,1,1
3cd86f4f,dataset/raw-data/ARC-ALL/data/training/3cd86f4f.json,12,10,12,10,0,120,120,1.000000,0.866667,12,12,144,1.200000,16,16,256,2.133333,12,12,144,1.200000,6,6,0,0
3d31c5b3,dataset/raw-data/ARC-ALL/data/training/3d31c5b3.json,6,12,6,12,0,72,72,1.000000,0.920000,8,12,96,1.333333,16,16,256,3.555556,12,12,144,2.000000,1,1,1,1
3d588dc9,dataset/raw-data/ARC-ALL/data/training/3d588dc9.json,16,16,20,20,0,256,400,1.562500,0.715556,16,16,256,1.000000,16,16,256,1.000000,16,16,256,1.000000,1,1,1,1
3d6c6e23,dataset/raw-data/ARC-ALL/data/training/3d6c6e23.json,13,30,15,30,0,390,450,1.153846,0.566667,16,32,512,1.312821,32,32,1024,2.625641,32,32,1024,2.625641,4,4,0,0
3de23699,dataset/raw-data/ARC-ALL/data/training/3de23699.json,19,18,20,20,0,342,400,1.169591,0.620000,20,20,400,1.169591,24,24,576,1.684211,20,20,400,1.169591,5,5,0,0
3e980e27,dataset/raw-data/ARC-ALL/data/training/3e980e27.json,13,13,15,15,0,169,225,1.331361,0.812222,16,16,256,1.514793,16,16,256,1.514793,16,16,256,1.514793,1,1,1,1
3eda0437,dataset/raw-data/ARC-ALL/data/training/3eda0437.json,30,4,30,4,0,120,120,1.000000,0.866667,32,4,128,1.066667,32,32,1024,8.533333,32,32,1024,8.533333,4,4,0,0
3ee1011a,dataset/raw-data/ARC-ALL/data/training/3ee1011a.json,29,24,30,24,0,696,720,1.034483,0.226667,32,24,768,1.103448,32,32,1024,1.471264,32,32,1024,1.471264,4,4,0,0
3f23242b,dataset/raw-data/ARC-ALL/data/training/3f23242b.json,19,17,20,20,0,323,400,1.238390,0.641111,20,20,400,1.238390,24,24,576,1.783282,20,20,400,1.238390,3,3,0,0
3f7978a0,dataset/raw-data/ARC-ALL/data/training/3f7978a0.json,13,14,15,15,0,182,225,1.236264,0.797778,16,16,256,1.406593,16,16,256,1.406593,16,16,256,1.406593,4,4,0,0
40853293,dataset/raw-data/ARC-ALL/data/training/40853293.json,20,30,20,30,0,600,600,1.000000,0.333333,20,32,640,1.066667,32,32,1024,1.706667,32,32,1024,1.706667,3,3,0,0
4093f84a,dataset/raw-data/ARC-ALL/data/training/4093f84a.json,14,14,15,15,0,196,225,1.147959,0.782222,16,16,256,1.306122,16,16,256,1.306122,16,16,256,1.306122,1,1,1,1
40f6cd08,dataset/raw-data/ARC-ALL/data/training/40f6cd08.json,30,30,30,30,0,900,900,1.000000,0.000000,32,32,1024,1.137778,32,32,1024,1.137778,32,32,1024,1.137778,2,2,0,0
412b6263,dataset/raw-data/ARC-ALL/data/training/412b6263.json,11,23,12,24,0,253,288,1.138340,0.718889,12,24,288,1.138340,24,24,576,2.276680,24,24,576,2.276680,4,4,0,0
414297c0,dataset/raw-data/ARC-ALL/data/training/414297c0.json,24,26,24,30,0,624,720,1.153846,0.306667,24,28,672,1.076923,32,32,1024,1.641026,28,28,784,1.256410,4,4,0,0
41ace6b5,dataset/raw-data/ARC-ALL/data/training/41ace6b5.json,15,15,15,15,0,225,225,1.000000,0.750000,16,16,256,1.137778,16,16,256,1.137778,16,16,256,1.137778,4,4,0,0
41e4d17e,dataset/raw-data/ARC-ALL/data/training/41e4d17e.json,15,15,15,15,0,225,225,1.000000,0.750000,16,16,256,1.137778,16,16,256,1.137778,16,16,256,1.137778,1,1,1,1
423a55dc,dataset/raw-data/ARC-ALL/data/training/423a55dc.json,13,11,15,12,0,143,180,1.258741,0.841111,16,12,192,1.342657,16,16,256,1.790210,16,16,256,1.790210,4,4,0,0
4258a5f9,dataset/raw-data/ARC-ALL/data/training/4258a5f9.json,9,9,10,10,0,81,100,1.234568,0.910000,12,12,144,1.777778,16,16,256,3.160494,12,12,144,1.777778,1,1,1,1
4290ef0e,dataset/raw-data/ARC-ALL/data/training/4290ef0e.json,19,19,20,20,0,361,400,1.108033,0.598889,20,20,400,1.108033,24,24,576,1.595568,20,20,400,1.108033,3,2,0,0
42918530,dataset/raw-data/ARC-ALL/data/training/42918530.json,25,25,30,30,0,625,900,1.440000,0.305556,28,28,784,1.254400,32,32,1024,1.638400,28,28,784,1.254400,4,4,0,0
42a15761,dataset/raw-data/ARC-ALL/data/training/42a15761.json,19,11,20,12,0,209,240,1.148325,0.767778,20,12,240,1.148325,24,24,576,2.755981,20,20,400,1.913876,3,3,0,0
42a50994,dataset/raw-data/ARC-ALL/data/training/42a50994.json,19,17,20,20,0,323,400,1.238390,0.641111,20,20,400,1.238390,24,24,576,1.783282,20,20,400,1.238390,5,5,0,0
42f14c03,dataset/raw-data/ARC-ALL/data/training/42f14c03.json,16,16,20,20,0,256,400,1.562500,0.715556,16,16,256,1.000000,16,16,256,1.000000,16,16,256,1.000000,1,4,1,0
42f83767,dataset/raw-data/ARC-ALL/data/training/42f83767.json,30,30,30,30,0,900,900,1.000000,0.000000,32,32,1024,1.137778,32,32,1024,1.137778,32,32,1024,1.137778,4,4,0,0
4347f46a,dataset/raw-data/ARC-ALL/data/training/4347f46a.json,19,18,20,20,0,342,400,1.169591,0.620000,20,20,400,1.169591,24,24,576,1.684211,20,20,400,1.169591,4,4,0,0
4364c1c4,dataset/raw-data/ARC-ALL/data/training/4364c1c4.json,13,16,15,20,0,208,300,1.442308,0.768889,16,16,256,1.230769,16,16,256,1.230769,16,16,256,1.230769,4,4,0,0
444801d8,dataset/raw-data/ARC-ALL/data/training/444801d8.json,10,10,10,10,0,100,100,1.000000,0.888889,12,12,144,1.440000,16,16,256,2.560000,12,12,144,1.440000,1,1,1,1
445eab21,dataset/raw-data/ARC-ALL/data/training/445eab21.json,10,10,10,10,0,100,100,1.000000,0.888889,12,12,144,1.440000,16,16,256,2.560000,12,12,144,1.440000,1,1,1,1
447fd412,dataset/raw-data/ARC-ALL/data/training/447fd412.json,21,17,24,20,0,357,480,1.344538,0.603333,24,20,480,1.344538,24,24,576,1.613445,24,24,576,1.613445,2,2,0,0
44d8ac46,dataset/raw-data/ARC-ALL/data/training/44d8ac46.json,12,12,12,12,0,144,144,1.000000,0.840000,12,12,144,1.000000,16,16,256,1.777778,12,12,144,1.000000,1,1,1,1
44f52bb0,dataset/raw-data/ARC-ALL/data/training/44f52bb0.json,3,3,4,4,0,9,16,1.777778,0.990000,4,4,16,1.777778,8,8,64,7.111111,4,4,16,1.777778,1,1,1,1
4522001f,dataset/raw-data/ARC-ALL/data/training/4522001f.json,9,9,10,10,0,81,100,1.234568,0.910000,12,12,144,1.777778,16,16,256,3.160494,12,12,144,1.777778,1,1,1,1
456873bc,dataset/raw-data/ARC-ALL/data/training/456873bc.json,19,19,20,20,0,361,400,1.108033,0.598889,20,20,400,1.108033,24,24,576,1.595568,20,20,400,1.108033,2,2,0,0
45737921,dataset/raw-data/ARC-ALL/data/training/45737921.json,12,13,12,15,0,156,180,1.153846,0.826667,12,16,192,1.230769,16,16,256,1.641026,16,16,256,1.641026,4,4,0,0
458e3a53,dataset/raw-data/ARC-ALL/data/training/458e3a53.json,29,29,30,30,0,841,900,1.070155,0.065556,32,32,1024,1.217598,32,32,1024,1.217598,32,32,1024,1.217598,2,3,0,0
45bbe264,dataset/raw-data/ARC-ALL/data/training/45bbe264.json,16,16,20,20,0,256,400,1.562500,0.715556,16,16,256,1.000000,16,16,256,1.000000,16,16,256,1.000000,4,4,0,0
4612dd53,dataset/raw-data/ARC-ALL/data/training/4612dd53.json,13,13,15,15,0,169,225,1.331361,0.812222,16,16,256,1.514793,16,16,256,1.514793,16,16,256,1.514793,3,3,0,0
46442a0e,dataset/raw-data/ARC-ALL/data/training/46442a0e.json,6,6,6,6,0,36,36,1.000000,0.960000,8,8,64,1.777778,8,8,64,1.777778,8,8,64,1.777778,2,2,0,0
465b7d93,dataset/raw-data/ARC-ALL/data/training/465b7d93.json,10,10,10,10,0,100,100,1.000000,0.888889,12,12,144,1.440000,16,16,256,2.560000,12,12,144,1.440000,1,1,1,1
469497ad,dataset/raw-data/ARC-ALL/data/training/469497ad.json,25,25,30,30,0,625,900,1.440000,0.305556,28,28,784,1.254400,32,32,1024,1.638400,28,28,784,1.254400,1,4,1,0
46c35fc7,dataset/raw-data/ARC-ALL/data/training/46c35fc7.json,7,7,8,8,0,49,64,1.306122,0.945556,8,8,64,1.306122,8,8,64,1.306122,8,8,64,1.306122,1,1,1,1
46f33fce,dataset/raw-data/ARC-ALL/data/training/46f33fce.json,20,20,20,20,0,400,400,1.000000,0.555556,20,20,400,1.000000,24,24,576,1.440000,20,20,400,1.000000,1,1,1,1
470c91de,dataset/raw-data/ARC-ALL/data/training/470c91de.json,11,11,12,12,0,121,144,1.190083,0.865556,12,12,144,1.190083,16,16,256,2.115702,12,12,144,1.190083,2,2,0,0
47c1f68c,dataset/raw-data/ARC-ALL/data/training/47c1f68c.json,13,13,15,15,0,169,225,1.331361,0.812222,16,16,256,1.514793,16,16,256,1.514793,16,16,256,1.514793,4,4,0,0
48131b3c,dataset/raw-data/ARC-ALL/data/training/48131b3c.json,8,8,8,8,0,64,64,1.000000,0.928889,8,8,64,1.000000,8,8,64,1.000000,8,8,64,1.000000,3,3,0,0
484b58aa,dataset/raw-data/ARC-ALL/data/training/484b58aa.json,29,29,30,30,0,841,900,1.070155,0.065556,32,32,1024,1.217598,32,32,1024,1.217598,32,32,1024,1.217598,1,1,1,1
4852f2fa,dataset/raw-data/ARC-ALL/data/training/4852f2fa.json,12,9,12,10,0,108,120,1.111111,0.880000,12,12,144,1.333333,16,16,256,2.370370,12,12,144,1.333333,1,4,1,0
48634b99,dataset/raw-data/ARC-ALL/data/training/48634b99.json,16,16,20,20,0,256,400,1.562500,0.715556,16,16,256,1.000000,16,16,256,1.000000,16,16,256,1.000000,1,1,1,1
48d8fb45,dataset/raw-data/ARC-ALL/data/training/48d8fb45.json,10,10,10,10,0,100,100,1.000000,0.888889,12,12,144,1.440000,16,16,256,2.560000,12,12,144,1.440000,1,1,1,1
48f8583b,dataset/raw-data/ARC-ALL/data/training/48f8583b.json,9,9,10,10,0,81,100,1.234568,0.910000,12,12,144,1.777778,16,16,256,3.160494,12,12,144,1.777778,1,1,1,1
4938f0c2,dataset/raw-data/ARC-ALL/data/training/4938f0c2.json,30,20,30,20,0,600,600,1.000000,0.333333,32,20,640,1.066667,32,32,1024,1.706667,32,32,1024,1.706667,4,4,0,0
494ef9d7,dataset/raw-data/ARC-ALL/data/training/494ef9d7.json,10,10,10,10,0,100,100,1.000000,0.888889,12,12,144,1.440000,16,16,256,2.560000,12,12,144,1.440000,5,5,0,0
496994bd,dataset/raw-data/ARC-ALL/data/training/496994bd.json,6,10,6,10,0,60,60,1.000000,0.933333,8,12,96,1.600000,16,16,256,4.266667,12,12,144,2.400000,3,3,0,0
49d1d64f,dataset/raw-data/ARC-ALL/data/training/49d1d64f.json,5,5,6,6,0,25,36,1.440000,0.972222,8,8,64,2.560000,8,8,64,2.560000,8,8,64,2.560000,4,4,0,0
4a1cacc2,dataset/raw-data/ARC-ALL/data/training/4a1cacc2.json,10,10,10,10,0,100,100,1.000000,0.888889,12,12,144,1.440000,16,16,256,2.560000,12,12,144,1.440000,5,5,0,0
4acc7107,dataset/raw-data/ARC-ALL/data/training/4acc7107.json,10,10,10,10,0,100,100,1.000000,0.888889,12,12,144,1.440000,16,16,256,2.560000,12,12,144,1.440000,1,1,1,1
4b6b68e5,dataset/raw-data/ARC-ALL/data/training/4b6b68e5.json,24,26,24,30,0,624,720,1.153846,0.306667,24,28,672,1.076923,32,32,1024,1.641026,28,28,784,1.256410,4,4,0,0
4be741c5,dataset/raw-data/ARC-ALL/data/training/4be741c5.json,16,14,20,15,0,224,300,1.339286,0.751111,16,16,256,1.142857,16,16,256,1.142857,16,16,256,1.142857,4,4,0,0
4c177718,dataset/raw-data/ARC-ALL/data/training/4c177718.json,15,15,15,15,0,225,225,1.000000,0.750000,16,16,256,1.137778,16,16,256,1.137778,16,16,256,1.137778,1,1,1,1
4c4377d9,dataset/raw-data/ARC-ALL/data/training/4c4377d9.json,4,6,4,6,0,24,24,1.000000,0.973333,4,8,32,1.333333,8,8,64,2.666667,8,8,64,2.666667,1,1,1,1
4c5c2cf0,dataset/raw-data/ARC-ALL/data/training/4c5c2cf0.json,15,15,15,15,0,225,225,1.000000,0.750000,16,16,256,1.137778,16,16,256,1.137778,16,16,256,1.137778,3,3,0,0
4cd1b7b2,dataset/raw-data/ARC-ALL/data/training/4cd1b7b2.json,4,4,4,4,0,16,16,1.000000,0.982222,4,4,16,1.000000,8,8,64,4.000000,4,4,16,1.000000,1,1,1,1
4df5b0ae,dataset/raw-data/ARC-ALL/data/training/4df5b0ae.json,10,10,10,10,0,100,100,1.000000,0.888889,12,12,144,1.440000,16,16,256,2.560000,12,12,144,1.440000,1,1,1,1
4e45f183,dataset/raw-data/ARC-ALL/data/training/4e45f183.json,19,19,20,20,0,361,400,1.108033,0.598889,20,20,400,1.108033,24,24,576,1.595568,20,20,400,1.108033,1,1,1,1
4e469f39,dataset/raw-data/ARC-ALL/data/training/4e469f39.json,10,10,10,10,0,100,100,1.000000,0.888889,12,12,144,1.440000,16,16,256,2.560000,12,12,144,1.440000,1,1,1,1
4e7e0eb9,dataset/raw-data/ARC-ALL/data/training/4e7e0eb9.json,29,29,30,30,0,841,900,1.070155,0.065556,32,32,1024,1.217598,32,32,1024,1.217598,32,32,1024,1.217598,5,5,0,0
4f537728,dataset/raw-data/ARC-ALL/data/training/4f537728.json,20,20,20,20,0,400,400,1.000000,0.555556,20,20,400,1.000000,24,24,576,1.440000,20,20,400,1.000000,1,1,1,1
4ff4c9da,dataset/raw-data/ARC-ALL/data/training/4ff4c9da.json,27,27,30,30,0,729,900,1.234568,0.190000,28,28,784,1.075446,32,32,1024,1.404664,28,28,784,1.075446,4,4,0,0
5034a0b5,dataset/raw-data/ARC-ALL/data/training/5034a0b5.json,13,13,15,15,0,169,225,1.331361,0.812222,16,16,256,1.514793,16,16,256,1.514793,16,16,256,1.514793,5,5,0,0
505fff84,dataset/raw-data/ARC-ALL/data/training/505fff84.json,14,14,15,15,0,196,225,1.147959,0.782222,16,16,256,1.306122,16,16,256,1.306122,16,16,256,1.306122,6,5,0,0
506d28a5,dataset/raw-data/ARC-ALL/data/training/506d28a5.json,5,9,6,10,0,45,60,1.333333,0.950000,8,12,96,2.133333,16,16,256,5.688889,12,12,144,3.200000,1,1,1,1
50846271,dataset/raw-data/ARC-ALL/data/training/50846271.json,22,20,24,20,0,440,480,1.090909,0.511111,24,20,480,1.090909,24,24,576,1.309091,24,24,576,1.309091,5,5,0,0
508bd3b6,dataset/raw-data/ARC-ALL/data/training/508bd3b6.json,12,12,12,12,0,144,144,1.000000,0.840000,12,12,144,1.000000,16,16,256,1.777778,12,12,144,1.000000,1,1,1,1
50a16a69,dataset/raw-data/ARC-ALL/data/training/50a16a69.json,20,20,20,20,0,400,400,1.000000,0.555556,20,20,400,1.000000,24,24,576,1.440000,20,20,400,1.000000,4,4,0,0
50aad11f,dataset/raw-data/ARC-ALL/data/training/50aad11f.json,18,18,20,20,0,324,400,1.234568,0.640000,20,20,400,1.234568,24,24,576,1.777778,20,20,400,1.234568,4,4,0,0
50c07299,dataset/raw-data/ARC-ALL/data/training/50c07299.json,16,16,20,20,0,256,400,1.562500,0.715556,16,16,256,1.000000,16,16,256,1.000000,16,16,256,1.000000,1,1,1,1
50cb2852,dataset/raw-data/ARC-ALL/data/training/50cb2852.json,15,14,15,15,0,210,225,1.071429,0.766667,16,16,256,1.219048,16,16,256,1.219048,16,16,256,1.219048,4,4,0,0
50f325b5,dataset/raw-data/ARC-ALL/data/training/50f325b5.json,18,18,20,20,0,324,400,1.234568,0.640000,20,20,400,1.234568,24,24,576,1.777778,20,20,400,1.234568,5,5,0,0
5117e062,dataset/raw-data/ARC-ALL/data/training/5117e062.json,13,13,15,15,0,169,225,1.331361,0.812222,16,16,256,1.514793,16,16,256,1.514793,16,16,256,1.514793,1,1,1,1
5168d44c,dataset/raw-data/ARC-ALL/data/training/5168d44c.json,17,13,20,15,0,221,300,1.357466,0.754444,20,16,320,1.447964,24,24,576,2.606335,20,20,400,1.809955,4,4,0,0
516b51b7,dataset/raw-data/ARC-ALL/data/training/516b51b7.json,17,15,20,15,0,255,300,1.176471,0.716667,20,16,320,1.254902,24,24,576,2.258824,20,20,400,1.568627,4,4,0,0
5207a7b5,dataset/raw-data/ARC-ALL/data/training/5207a7b5.json,9,15,10,15,0,135,150,1.111111,0.850000,12,16,192,1.422222,16,16,256,1.896296,16,16,256,1.896296,4,4,0,0
522fdd07,dataset/raw-data/ARC-ALL/data/training/522fdd07.json,16,16,20,20,0,256,400,1.562500,0.715556,16,16,256,1.000000,16,16,256,1.000000,16,16,256,1.000000,1,1,1,1
52364a65,dataset/raw-data/ARC-ALL/data/training/52364a65.json,11,11,12,12,0,121,144,1.190083,0.865556,12,12,144,1.190083,16,16,256,2.115702,12,12,144,1.190083,3,3,0,0
5289ad53,dataset/raw-data/ARC-ALL/data/training/5289ad53.json,19,15,20,15,0,285,300,1.052632,0.683333,20,16,320,1.122807,24,24,576,2.021053,20,20,400,1.403509,5,1,0,1
52df9849,dataset/raw-data/ARC-ALL/data/training/52df9849.json,16,16,20,20,0,256,400,1.562500,0.715556,16,16,256,1.000000,16,16,256,1.000000,16,16,256,1.000000,1,1,1,1
52fd389e,dataset/raw-data/ARC-ALL/data/training/52fd389e.json,29,29,30,30,0,841,900,1.070155,0.065556,32,32,1024,1.217598,32,32,1024,1.217598,32,32,1024,1.217598,2,2,0,0
538b439f,dataset/raw-data/ARC-ALL/data/training/538b439f.json,23,21,24,24,0,483,576,1.192547,0.463333,24,24,576,1.192547,24,24,576,1.192547,24,24,576,1.192547,3,3,0,0
539a4f51,dataset/raw-data/ARC-ALL/data/training/539a4f51.json,10,10,10,10,0,100,100,1.000000,0.888889,12,12,144,1.440000,16,16,256,2.560000,12,12,144,1.440000,1,1,1,1
53b68214,dataset/raw-data/ARC-ALL/data/training/53b68214.json,10,10,10,10,0,100,100,1.000000,0.888889,12,12,144,1.440000,16,16,256,2.560000,12,12,144,1.440000,3,1,0,1
543a7ed5,dataset/raw-data/ARC-ALL/data/training/543a7ed5.json,15,15,15,15,0,225,225,1.000000,0.750000,16,16,256,1.137778,16,16,256,1.137778,16,16,256,1.137778,1,1,1,1
54d82841,dataset/raw-data/ARC-ALL/data/training/54d82841.json,11,8,12,8,0,88,96,1.090909,0.902222,12,8,96,1.090909,16,16,256,2.909091,12,12,144,1.636364,4,4,0,0
54d9e175,dataset/raw-data/ARC-ALL/data/training/54d9e175.json,11,7,12,8,0,77,96,1.246753,0.914444,12,8,96,1.246753,16,16,256,3.324675,12,12,144,1.870130,2,2,0,0
54db823b,dataset/raw-data/ARC-ALL/data/training/54db823b.json,15,15,15,15,0,225,225,1.000000,0.750000,16,16,256,1.137778,16,16,256,1.137778,16,16,256,1.137778,1,1,1,1
54dc2872,dataset/raw-data/ARC-ALL/data/training/54dc2872.json,13,12,15,12,0,156,180,1.153846,0.826667,16,12,192,1.230769,16,16,256,1.641026,16,16,256,1.641026,2,2,0,0
55059096,dataset/raw-data/ARC-ALL/data/training/55059096.json,16,17,20,20,0,272,400,1.470588,0.697778,16,20,320,1.176471,24,24,576,2.117647,20,20,400,1.470588,4,4,0,0
551d5bf1,dataset/raw-data/ARC-ALL/data/training/551d5bf1.json,28,26,30,30,0,728,900,1.236264,0.191111,28,28,784,1.076923,32,32,1024,1.406593,28,28,784,1.076923,3,3,0,0
5521c0d9,dataset/raw-data/ARC-ALL/data/training/5521c0d9.json,15,15,15,15,0,225,225,1.000000,0.750000,16,16,256,1.137778,16,16,256,1.137778,16,16,256,1.137778,1,1,1,1
5582e5ca,dataset/raw-data/ARC-ALL/data/training/5582e5ca.json,3,3,4,4,0,9,16,1.777778,0.990000,4,4,16,1.777778,8,8,64,7.111111,4,4,16,1.777778,1,1,1,1
5587a8d0,dataset/raw-data/ARC-ALL/data/training/5587a8d0.json,11,11,12,12,0,121,144,1.190083,0.865556,12,12,144,1.190083,16,16,256,2.115702,12,12,144,1.190083,4,4,0,0
5614dbcf,dataset/raw-data/ARC-ALL/data/training/5614dbcf.json,9,9,10,10,0,81,100,1.234568,0.910000,12,12,144,1.777778,16,16,256,3.160494,12,12,144,1.777778,1,1,1,1
5623160b,dataset/raw-data/ARC-ALL/data/training/5623160b.json,16,16,20,20,0,256,400,1.562500,0.715556,16,16,256,1.000000,16,16,256,1.000000,16,16,256,1.000000,4,4,0,0
56dc2b01,dataset/raw-data/ARC-ALL/data/training/56dc2b01.json,18,17,20,20,0,306,400,1.307190,0.660000,20,20,400,1.307190,24,24,576,1.882353,20,20,400,1.307190,3,3,0,0
56ff96f3,dataset/raw-data/ARC-ALL/data/training/56ff96f3.json,11,10,12,10,0,110,120,1.090909,0.877778,12,12,144,1.309091,16,16,256,2.327273,12,12,144,1.309091,4,4,0,0
5751f35e,dataset/raw-data/ARC-ALL/data/training/5751f35e.json,12,12,12,12,0,144,144,1.000000,0.840000,12,12,144,1.000000,16,16,256,1.777778,12,12,144,1.000000,2,2,0,0
575b1a71,dataset/raw-data/ARC-ALL/data/training/575b1a71.json,10,10,10,10,0,100,100,1.000000,0.888889,12,12,144,1.440000,16,16,256,2.560000,12,12,144,1.440000,1,1,1,1
5783df64,dataset/raw-data/ARC-ALL/data/training/5783df64.json,9,9,10,10,0,81,100,1.234568,0.910000,12,12,144,1.777778,16,16,256,3.160494,12,12,144,1.777778,2,1,0,1
5792cb4d,dataset/raw-data/ARC-ALL/data/training/5792cb4d.json,10,10,10,10,0,100,100,1.000000,0.888889,12,12,144,1.440000,16,16,256,2.560000,12,12,144,1.440000,1,1,1,1
57aa92db,dataset/raw-data/ARC-ALL/data/training/57aa92db.json,30,19,30,20,0,570,600,1.052632,0.366667,32,20,640,1.122807,32,32,1024,1.796491,32,32,1024,1.796491,5,5,0,0
57edb29d,dataset/raw-data/ARC-ALL/data/training/57edb29d.json,28,28,30,30,0,784,900,1.147959,0.128889,28,28,784,1.000000,32,32,1024,1.306122,28,28,784,1.000000,4,4,0,0
5833af48,dataset/raw-data/ARC-ALL/data/training/5833af48.json,27,19,30,20,0,513,600,1.169591,0.430000,28,20,560,1.091618,32,32,1024,1.996101,28,28,784,1.528265,4,4,0,0
58743b76,dataset/raw-data/ARC-ALL/data/training/58743b76.json,14,14,15,15,0,196,225,1.147959,0.782222,16,16,256,1.306122,16,16,256,1.306122,16,16,256,1.306122,3,3,0,0
58c02a16,dataset/raw-data/ARC-ALL/data/training/58c02a16.json,16,16,20,20,0,256,400,1.562500,0.715556,16,16,256,1.000000,16,16,256,1.000000,16,16,256,1.000000,4,4,0,0
58e15b12,dataset/raw-data/ARC-ALL/data/training/58e15b12.json,20,24,20,24,0,480,480,1.000000,0.466667,20,24,480,1.000000,24,24,576,1.200000,24,24,576,1.200000,4,4,0,0
59341089,dataset/raw-data/ARC-ALL/data/training/59341089.json,12,3,12,4,0,36,48,1.333333,0.960000,12,4,48,1.333333,16,16,256,7.111111,12,12,144,4.000000,1,1,1,1
5a5a2103,dataset/raw-data/ARC-ALL/data/training/5a5a2103.json,24,24,24,24,0,576,576,1.000000,0.360000,24,24,576,1.000000,24,24,576,1.000000,24,24,576,1.000000,3,3,0,0
5a719d11,dataset/raw-data/ARC-ALL/data/training/5a719d11.json,17,30,20,30,0,510,600,1.176471,0.433333,20,32,640,1.254902,32,32,1024,2.007843,32,32,1024,2.007843,3,3,0,0
5ad4f10b,dataset/raw-data/ARC-ALL/data/training/5ad4f10b.json,26,24,30,24,0,624,720,1.153846,0.306667,28,24,672,1.076923,32,32,1024,1.641026,28,28,784,1.256410,4,1,0,1
5ad8a7c0,dataset/raw-data/ARC-ALL/data/training/5ad8a7c0.json,6,4,6,4,0,24,24,1.000000,0.973333,8,4,32,1.333333,8,8,64,2.666667,8,8,64,2.666667,1,1,1,1
5adee1b2,dataset/raw-data/ARC-ALL/data/training/5adee1b2.json,26,26,30,30,0,676,900,1.331361,0.248889,28,28,784,1.159763,32,32,1024,1.514793,28,28,784,1.159763,2,2,0,0
5af49b42,dataset/raw-data/ARC-ALL/data/training/5af49b42.json,18,17,20,20,0,306,400,1.307190,0.660000,20,20,400,1.307190,24,24,576,1.882353,20,20,400,1.307190,4,4,0,0
5b37cb25,dataset/raw-data/ARC-ALL/data/training/5b37cb25.json,30,30,30,30,0,900,900,1.000000,0.000000,32,32,1024,1.137778,32,32,1024,1.137778,32,32,1024,1.137778,1,1,1,1
5b526a93,dataset/raw-data/ARC-ALL/data/training/5b526a93.json,30,22,30,24,0,660,720,1.090909,0.266667,32,24,768,1.163636,32,32,1024,1.551515,32,32,1024,1.551515,3,3,0,0
5b692c0f,dataset/raw-data/ARC-ALL/data/training/5b692c0f.json,28,24,30,24,0,672,720,1.071429,0.253333,28,24,672,1.000000,32,32,1024,1.523810,28,28,784,1.166667,3,3,0,0
5b6cbef5,dataset/raw-data/ARC-ALL/data/training/5b6cbef5.json,16,16,20,20,0,256,400,1.562500,0.715556,16,16,256,1.000000,16,16,256,1.000000,16,16,256,1.000000,1,1,1,1
5bd6f4ac,dataset/raw-data/ARC-ALL/data/training/5bd6f4ac.json,9,9,10,10,0,81,100,1.234568,0.910000,12,12,144,1.777778,16,16,256,3.160494,12,12,144,1.777778,1,1,1,1
5c0a986e,dataset/raw-data/ARC-ALL/data/training/5c0a986e.json,10,10,10,10,0,100,100,1.000000,0.888889,12,12,144,1.440000,16,16,256,2.560000,12,12,144,1.440000,1,1,1,1
5c2c9af4,dataset/raw-data/ARC-ALL/data/training/5c2c9af4.json,28,28,30,30,0,784,900,1.147959,0.128889,28,28,784,1.000000,32,32,1024,1.306122,28,28,784,1.000000,2,2,0,0
5d2a5c43,dataset/raw-data/ARC-ALL/data/training/5d2a5c43.json,9,6,10,6,0,54,60,1.111111,0.940000,12,8,96,1.777778,16,16,256,4.740741,12,12,144,2.666667,1,1,1,1
5d588b4d,dataset/raw-data/ARC-ALL/data/training/5d588b4d.json,23,13,24,15,0,299,360,1.204013,0.667778,24,16,384,1.284281,24,24,576,1.926421,24,24,576,1.926421,5,5,0,0
5daaa586,dataset/raw-data/ARC-ALL/data/training/5daaa586.json,22,22,24,24,0,484,576,1.190083,0.462222,24,24,576,1.190083,24,24,576,1.190083,24,24,576,1.190083,4,4,0,0
5e6bbc0b,dataset/raw-data/ARC-ALL/data/training/5e6bbc0b.json,8,7,8,8,0,56,64,1.142857,0.937778,8,8,64,1.142857,8,8,64,1.142857,8,8,64,1.142857,5,5,0,0
5ecac7f7,dataset/raw-data/ARC-ALL/data/training/5ecac7f7.json,20,6,20,6,0,120,120,1.000000,0.866667,20,8,160,1.333333,24,24,576,4.800000,20,20,400,3.333333,2,2,0,0
5ffb2104,dataset/raw-data/ARC-ALL/data/training/5ffb2104.json,13,10,15,10,0,130,150,1.153846,0.855556,16,12,192,1.476923,16,16,256,1.969231,16,16,256,1.969231,3,3,0,0
60a26a3e,dataset/raw-data/ARC-ALL/data/training/60a26a3e.json,16,14,20,15,0,224,300,1.339286,0.751111,16,16,256,1.142857,16,16,256,1.142857,16,16,256,1.142857,4,4,0,0
60b61512,dataset/raw-data/ARC-ALL/data/training/60b61512.json,9,9,10,10,0,81,100,1.234568,0.910000,12,12,144,1.777778,16,16,256,3.160494,12,12,144,1.777778,1,1,1,1
60c09cac,dataset/raw-data/ARC-ALL/data/training/60c09cac.json,10,10,10,10,0,100,100,1.000000,0.888889,12,12,144,1.440000,16,16,256,2.560000,12,12,144,1.440000,3,3,0,0
60d73be6,dataset/raw-data/ARC-ALL/data/training/60d73be6.json,17,11,20,12,0,187,240,1.283422,0.792222,20,12,240,1.283422,24,24,576,3.080214,20,20,400,2.139037,4,4,0,0
6150a2bd,dataset/raw-data/ARC-ALL/data/training/6150a2bd.json,3,3,4,4,0,9,16,1.777778,0.990000,4,4,16,1.777778,8,8,64,7.111111,4,4,16,1.777778,1,1,1,1
6165ea8f,dataset/raw-data/ARC-ALL/data/training/6165ea8f.json,23,25,24,30,0,575,720,1.252174,0.361111,24,28,672,1.168696,32,32,1024,1.780870,28,28,784,1.363478,3,4,0,0
623ea044,dataset/raw-data/ARC-ALL/data/training/623ea044.json,17,17,20,20,0,289,400,1.384083,0.678889,20,20,400,1.384083,24,24,576,1.993080,20,20,400,1.384083,3,3,0,0
626c0bcc,dataset/raw-data/ARC-ALL/data/training/626c0bcc.json,7,7,8,8,0,49,64,1.306122,0.945556,8,8,64,1.306122,8,8,64,1.306122,8,8,64,1.306122,1,1,1,1
62ab2642,dataset/raw-data/ARC-ALL/data/training/62ab2642.json,12,15,12,15,0,180,180,1.000000,0.800000,12,16,192,1.066667,16,16,256,1.422222,16,16,256,1.422222,4,4,0,0
62b74c02,dataset/raw-data/ARC-ALL/data/training/62b74c02.json,14,4,15,4,0,56,60,1.071429,0.937778,16,4,64,1.142857,16,16,256,4.571429,16,16,256,4.571429,4,4,0,0
62c24649,dataset/raw-data/ARC-ALL/data/training/62c24649.json,6,6,6,6,0,36,36,1.000000,0.960000,8,8,64,1.777778,8,8,64,1.777778,8,8,64,1.777778,1,1,1,1
6350f1f4,dataset/raw-data/ARC-ALL/data/training/6350f1f4.json,19,19,20,20,0,361,400,1.108033,0.598889,20,20,400,1.108033,24,24,576,1.595568,20,20,400,1.108033,3,3,0,0
63613498,dataset/raw-data/ARC-ALL/data/training/63613498.json,10,10,10,10,0,100,100,1.000000,0.888889,12,12,144,1.440000,16,16,256,2.560000,12,12,144,1.440000,1,1,1,1
639f5a19,dataset/raw-data/ARC-ALL/data/training/639f5a19.json,23,23,24,24,0,529,576,1.088847,0.412222,24,24,576,1.088847,24,24,576,1.088847,24,24,576,1.088847,1,1,1,1
642248e4,dataset/raw-data/ARC-ALL/data/training/642248e4.json,18,16,20,20,0,288,400,1.388889,0.680000,20,16,320,1.111111,24,24,576,2.000000,20,20,400,1.388889,4,4,0,0
642d658d,dataset/raw-data/ARC-ALL/data/training/642d658d.json,24,27,24,30,0,648,720,1.111111,0.280000,24,28,672,1.037037,32,32,1024,1.580247,28,28,784,1.209877,4,1,0,1
6430c8c4,dataset/raw-data/ARC-ALL/data/training/6430c8c4.json,4,9,4,10,0,36,40,1.111111,0.960000,4,12,48,1.333333,16,16,256,7.111111,12,12,144,4.000000,1,1,1,1
6455b5f5,dataset/raw-data/ARC-ALL/data/training/6455b5f5.json,16,18,20,20,0,288,400,1.388889,0.680000,16,20,320,1.111111,24,24,576,2.000000,20,20,400,1.388889,5,5,0,0
64a7c07e,dataset/raw-data/ARC-ALL/data/training/64a7c07e.json,12,12,12,12,0,144,144,1.000000,0.840000,12,12,144,1.000000,16,16,256,1.777778,12,12,144,1.000000,3,3,0,0
652646ff,dataset/raw-data/ARC-ALL/data/training/652646ff.json,20,24,20,24,0,480,480,1.000000,0.466667,20,24,480,1.000000,24,24,576,1.200000,24,24,576,1.200000,4,3,0,0
662c240a,dataset/raw-data/ARC-ALL/data/training/662c240a.json,3,9,4,10,0,27,40,1.481481,0.970000,4,12,48,1.777778,16,16,256,9.481481,12,12,144,5.333333,1,1,1,1
668eec9a,dataset/raw-data/ARC-ALL/data/training/668eec9a.json,16,16,20,20,0,256,400,1.562500,0.715556,16,16,256,1.000000,16,16,256,1.000000,16,16,256,1.000000,1,1,1,1
66ac4c3b,dataset/raw-data/ARC-ALL/data/training/66ac4c3b.json,22,22,24,24,0,484,576,1.190083,0.462222,24,24,576,1.190083,24,24,576,1.190083,24,24,576,1.190083,1,1,1,1
66e6c45b,dataset/raw-data/ARC-ALL/data/training/66e6c45b.json,4,4,4,4,0,16,16,1.000000,0.982222,4,4,16,1.000000,8,8,64,4.000000,4,4,16,1.000000,1,1,1,1
66f2d22f,dataset/raw-data/ARC-ALL/data/training/66f2d22f.json,14,4,15,4,0,56,60,1.071429,0.937778,16,4,64,1.142857,16,16,256,4.571429,16,16,256,4.571429,1,1,1,1
67385a82,dataset/raw-data/ARC-ALL/data/training/67385a82.json,6,5,6,6,0,30,36,1.200000,0.966667,8,8,64,2.133333,8,8,64,2.133333,8,8,64,2.133333,5,5,0,0
673ef223,dataset/raw-data/ARC-ALL/data/training/673ef223.json,12,21,12,24,0,252,288,1.142857,0.720000,12,24,288,1.142857,24,24,576,2.285714,24,24,576,2.285714,3,3,0,0
67636eac,dataset/raw-data/ARC-ALL/data/training/67636eac.json,18,16,20,20,0,288,400,1.388889,0.680000,20,16,320,1.111111,24,24,576,2.000000,20,20,400,1.388889,4,4,0,0
6773b310,dataset/raw-data/ARC-ALL/data/training/6773b310.json,11,11,12,12,0,121,144,1.190083,0.865556,12,12,144,1.190083,16,16,256,2.115702,12,12,144,1.190083,1,1,1,1
67a3c6ac,dataset/raw-data/ARC-ALL/data/training/67a3c6ac.json,7,7,8,8,0,49,64,1.306122,0.945556,8,8,64,1.306122,8,8,64,1.306122,8,8,64,1.306122,4,4,0,0
67a423a3,dataset/raw-data/ARC-ALL/data/training/67a423a3.json,12,12,12,12,0,144,144,1.000000,0.840000,12,12,144,1.000000,16,16,256,1.777778,12,12,144,1.000000,4,4,0,0
67c52801,dataset/raw-data/ARC-ALL/data/training/67c52801.json,12,9,12,10,0,108,120,1.111111,0.880000,12,12,144,1.333333,16,16,256,2.370370,12,12,144,1.333333,5,5,0,0
67e8384a,dataset/raw-data/ARC-ALL/data/training/67e8384a.json,6,6,6,6,0,36,36,1.000000,0.960000,8,8,64,1.777778,8,8,64,1.777778,8,8,64,1.777778,1,1,1,1
681b3aeb,dataset/raw-data/ARC-ALL/data/training/681b3aeb.json,10,10,10,10,0,100,100,1.000000,0.888889,12,12,144,1.440000,16,16,256,2.560000,12,12,144,1.440000,1,1,1,1
6855a6e4,dataset/raw-data/ARC-ALL/data/training/6855a6e4.json,15,15,15,15,0,225,225,1.000000,0.750000,16,16,256,1.137778,16,16,256,1.137778,16,16,256,1.137778,1,1,1,1
689c358e,dataset/raw-data/ARC-ALL/data/training/689c358e.json,11,11,12,12,0,121,144,1.190083,0.865556,12,12,144,1.190083,16,16,256,2.115702,12,12,144,1.190083,1,1,1,1
68b16354,dataset/raw-data/ARC-ALL/data/training/68b16354.json,7,7,8,8,0,49,64,1.306122,0.945556,8,8,64,1.306122,8,8,64,1.306122,8,8,64,1.306122,2,2,0,0
68b67ca3,dataset/raw-data/ARC-ALL/data/training/68b67ca3.json,6,6,6,6,0,36,36,1.000000,0.960000,8,8,64,1.777778,8,8,64,1.777778,8,8,64,1.777778,1,1,1,1
68bc2e87,dataset/raw-data/ARC-ALL/data/training/68bc2e87.json,19,18,20,20,0,342,400,1.169591,0.620000,20,20,400,1.169591,24,24,576,1.684211,20,20,400,1.169591,1,2,1,0
692cd3b6,dataset/raw-data/ARC-ALL/data/training/692cd3b6.json,15,15,15,15,0,225,225,1.000000,0.750000,16,16,256,1.137778,16,16,256,1.137778,16,16,256,1.137778,1,1,1,1
694f12f3,dataset/raw-data/ARC-ALL/data/training/694f12f3.json,10,10,10,10,0,100,100,1.000000,0.888889,12,12,144,1.440000,16,16,256,2.560000,12,12,144,1.440000,1,1,1,1
695367ec,dataset/raw-data/ARC-ALL/data/training/695367ec.json,15,15,15,15,0,225,225,1.000000,0.750000,16,16,256,1.137778,16,16,256,1.137778,16,16,256,1.137778,4,1,0,1
696d4842,dataset/raw-data/ARC-ALL/data/training/696d4842.json,30,30,30,30,0,900,900,1.000000,0.000000,32,32,1024,1.137778,32,32,1024,1.137778,32,32,1024,1.137778,2,2,0,0
69889d6e,dataset/raw-data/ARC-ALL/data/training/69889d6e.json,10,10,10,10,0,100,100,1.000000,0.888889,12,12,144,1.440000,16,16,256,2.560000,12,12,144,1.440000,1,1,1,1
6a11f6da,dataset/raw-data/ARC-ALL/data/training/6a11f6da.json,5,15,6,15,0,75,90,1.200000,0.916667,8,16,128,1.706667,16,16,256,3.413333,16,16,256,3.413333,1,1,1,1
6a1e5592,dataset/raw-data/ARC-ALL/data/training/6a1e5592.json,15,10,15,10,0,150,150,1.000000,0.833333,16,12,192,1.280000,16,16,256,1.706667,16,16,256,1.706667,1,1,1,1
6a980be1,dataset/raw-data/ARC-ALL/data/training/6a980be1.json,19,19,20,20,0,361,400,1.108033,0.598889,20,20,400,1.108033,24,24,576,1.595568,20,20,400,1.108033,4,4,0,0
6aa20dc0,dataset/raw-data/ARC-ALL/data/training/6aa20dc0.json,22,22,24,24,0,484,576,1.190083,0.462222,24,24,576,1.190083,24,24,576,1.190083,24,24,576,1.190083,4,4,0,0
6ad5bdfd,dataset/raw-data/ARC-ALL/data/training/6ad5bdfd.json,11,10,12,10,0,110,120,1.090909,0.877778,12,12,144,1.309091,16,16,256,2.327273,12,12,144,1.309091,4,4,0,0
6b9890af,dataset/raw-data/ARC-ALL/data/training/6b9890af.json,26,24,30,24,0,624,720,1.153846,0.306667,28,24,672,1.076923,32,32,1024,1.641026,28,28,784,1.256410,4,4,0,0
6bcdb01e,dataset/raw-data/ARC-ALL/data/training/6bcdb01e.json,8,8,8,8,0,64,64,1.000000,0.928889,8,8,64,1.000000,8,8,64,1.000000,8,8,64,1.000000,3,3,0,0
6c434453,dataset/raw-data/ARC-ALL/data/training/6c434453.json,10,10,10,10,0,100,100,1.000000,0.888889,12,12,144,1.440000,16,16,256,2.560000,12,12,144,1.440000,1,1,1,1
6ca952ad,dataset/raw-data/ARC-ALL/data/training/6ca952ad.json,16,16,20,20,0,256,400,1.562500,0.715556,16,16,256,1.000000,16,16,256,1.000000,16,16,256,1.000000,4,4,0,0
6cbe9eb8,dataset/raw-data/ARC-ALL/data/training/6cbe9eb8.json,27,19,30,20,0,513,600,1.169591,0.430000,28,20,560,1.091618,32,32,1024,1.996101,28,28,784,1.528265,4,4,0,0
6cdd2623,dataset/raw-data/ARC-ALL/data/training/6cdd2623.json,22,16,24,20,0,352,480,1.363636,0.608889,24,16,384,1.090909,24,24,576,1.636364,24,24,576,1.636364,4,4,0,0
6cf79266,dataset/raw-data/ARC-ALL/data/training/6cf79266.json,20,20,20,20,0,400,400,1.000000,0.555556,20,20,400,1.000000,24,24,576,1.440000,20,20,400,1.000000,1,1,1,1
6d0160f0,dataset/raw-data/ARC-ALL/data/training/6d0160f0.json,11,11,12,12,0,121,144,1.190083,0.865556,12,12,144,1.190083,16,16,256,2.115702,12,12,144,1.190083,1,1,1,1
6d0aefbc,dataset/raw-data/ARC-ALL/data/training/6d0aefbc.json,6,3,6,4,0,18,24,1.333333,0.980000,8,4,32,1.777778,8,8,64,3.555556,8,8,64,3.555556,1,1,1,1
6d1d5c90,dataset/raw-data/ARC-ALL/data/training/6d1d5c90.json,7,6,8,6,0,42,48,1.142857,0.953333,8,8,64,1.523810,8,8,64,1.523810,8,8,64,1.523810,1,1,1,1
6d58a25d,dataset/raw-data/ARC-ALL/data/training/6d58a25d.json,20,20,20,20,0,400,400,1.000000,0.555556,20,20,400,1.000000,24,24,576,1.440000,20,20,400,1.000000,1,1,1,1
6d75e8bb,dataset/raw-data/ARC-ALL/data/training/6d75e8bb.json,11,14,12,15,0,154,180,1.168831,0.828889,12,16,192,1.246753,16,16,256,1.662338,16,16,256,1.662338,4,4,0,0
6df30ad6,dataset/raw-data/ARC-ALL/data/training/6df30ad6.json,10,10,10,10,0,100,100,1.000000,0.888889,12,12,144,1.440000,16,16,256,2.560000,12,12,144,1.440000,1,1,1,1
6e02f1e3,dataset/raw-data/ARC-ALL/data/training/6e02f1e3.json,3,3,4,4,0,9,16,1.777778,0.990000,4,4,16,1.777778,8,8,64,7.111111,4,4,16,1.777778,1,1,1,1
6e19193c,dataset/raw-data/ARC-ALL/data/training/6e19193c.json,10,10,10,10,0,100,100,1.000000,0.888889,12,12,144,1.440000,16,16,256,2.560000,12,12,144,1.440000,1,1,1,1
6e82a1ae,dataset/raw-data/ARC-ALL/data/training/6e82a1ae.json,10,10,10,10,0,100,100,1.000000,0.888889,12,12,144,1.440000,16,16,256,2.560000,12,12,144,1.440000,1,1,1,1
6ea4a07e,dataset/raw-data/ARC-ALL/data/training/6ea4a07e.json,3,3,4,4,0,9,16,1.777778,0.990000,4,4,16,1.777778,8,8,64,7.111111,4,4,16,1.777778,1,1,1,1
6ecd11f4,dataset/raw-data/ARC-ALL/data/training/6ecd11f4.json,25,27,30,30,0,675,900,1.333333,0.250000,28,28,784,1.161481,32,32,1024,1.517037,28,28,784,1.161481,4,2,0,0
6f473927,dataset/raw-data/ARC-ALL/data/training/6f473927.json,12,12,12,12,0,144,144,1.000000,0.840000,12,12,144,1.000000,16,16,256,1.777778,12,12,144,1.000000,4,4,0,0
6f8cd79b,dataset/raw-data/ARC-ALL/data/training/6f8cd79b.json,6,7,6,8,0,42,48,1.142857,0.953333,8,8,64,1.523810,8,8,64,1.523810,8,8,64,1.523810,5,5,0,0
6fa7a44f,dataset/raw-data/ARC-ALL/data/training/6fa7a44f.json,3,6,4,6,0,18,24,1.333333,0.980000,4,8,32,1.777778,8,8,64,3.555556,8,8,64,3.555556,1,1,1,1
6ffe8f07,dataset/raw-data/ARC-ALL/data/training/6ffe8f07.json,19,19,20,20,0,361,400,1.108033,0.598889,20,20,400,1.108033,24,24,576,1.595568,20,20,400,1.108033,2,2,0,0
7039b2d7,dataset/raw-data/ARC-ALL/data/training/7039b2d7.json,27,27,30,30,0,729,900,1.234568,0.190000,28,28,784,1.075446,32,32,1024,1.404664,28,28,784,1.075446,4,4,0,0
705a3229,dataset/raw-data/ARC-ALL/data/training/705a3229.json,16,14,20,15,0,224,300,1.339286,0.751111,16,16,256,1.142857,16,16,256,1.142857,16,16,256,1.142857,5,5,0,0
712bf12e,dataset/raw-data/ARC-ALL/data/training/712bf12e.json,15,13,15,15,0,195,225,1.153846,0.783333,16,16,256,1.312821,16,16,256,1.312821,16,16,256,1.312821,4,4,0,0
72207abc,dataset/raw-data/ARC-ALL/data/training/72207abc.json,29,3,30,4,0,87,120,1.379310,0.903333,32,4,128,1.471264,32,32,1024,11.770115,32,32,1024,11.770115,2,2,0,0
72322fa7,dataset/raw-data/ARC-ALL/data/training/72322fa7.json,22,19,24,20,0,418,480,1.148325,0.535556,24,20,480,1.148325,24,24,576,1.377990,24,24,576,1.377990,4,4,0,0
72a961c9,dataset/raw-data/ARC-ALL/data/training/72a961c9.json,11,13,12,15,0,143,180,1.258741,0.841111,12,16,192,1.342657,16,16,256,1.790210,16,16,256,1.790210,5,5,0,0
72ca375d,dataset/raw-data/ARC-ALL/data/training/72ca375d.json,10,10,10,10,0,100,100,1.000000,0.888889,12,12,144,1.440000,16,16,256,2.560000,12,12,144,1.440000,1,3,1,0
73182012,dataset/raw-data/ARC-ALL/data/training/73182012.json,12,12,12,12,0,144,144,1.000000,0.840000,12,12,144,1.000000,16,16,256,1.777778,12,12,144,1.000000,1,1,1,1
73251a56,dataset/raw-data/ARC-ALL/data/training/73251a56.json,21,21,24,24,0,441,576,1.306122,0.510000,24,24,576,1.306122,24,24,576,1.306122,24,24,576,1.306122,1,1,1,1
73c3b0d8,dataset/raw-data/ARC-ALL/data/training/73c3b0d8.json,8,12,8,12,0,96,96,1.000000,0.893333,8,12,96,1.000000,16,16,256,2.666667,12,12,144,1.500000,4,4,0,0
73ccf9c2,dataset/raw-data/ARC-ALL/data/training/73ccf9c2.json,23,23,24,24,0,529,576,1.088847,0.412222,24,24,576,1.088847,24,24,576,1.088847,24,24,576,1.088847,4,4,0,0
7447852a,dataset/raw-data/ARC-ALL/data/training/7447852a.json,25,3,30,4,0,75,120,1.600000,0.916667,28,4,112,1.493333,32,32,1024,13.653333,28,28,784,10.453333,4,4,0,0
7468f01a,dataset/raw-data/ARC-ALL/data/training/7468f01a.json,17,17,20,20,0,289,400,1.384083,0.678889,20,20,400,1.384083,24,24,576,1.993080,20,20,400,1.384083,4,4,0,0
746b3537,dataset/raw-data/ARC-ALL/data/training/746b3537.json,9,6,10,6,0,54,60,1.111111,0.940000,12,8,96,1.777778,16,16,256,4.740741,12,12,144,2.666667,5,5,0,0
74dd1130,dataset/raw-data/ARC-ALL/data/training/74dd1130.json,3,3,4,4,0,9,16,1.777778,0.990000,4,4,16,1.777778,8,8,64,7.111111,4,4,16,1.777778,1,1,1,1
753ea09b,dataset/raw-data/ARC-ALL/data/training/753ea09b.json,30,30,30,30,0,900,900,1.000000,0.000000,32,32,1024,1.137778,32,32,1024,1.137778,32,32,1024,1.137778,1,1,1,1
758abdf0,dataset/raw-data/ARC-ALL/data/training/758abdf0.json,16,16,20,20,0,256,400,1.562500,0.715556,16,16,256,1.000000,16,16,256,1.000000,16,16,256,1.000000,2,2,0,0
759f3fd3,dataset/raw-data/ARC-ALL/data/training/759f3fd3.json,20,20,20,20,0,400,400,1.000000,0.555556,20,20,400,1.000000,24,24,576,1.440000,20,20,400,1.000000,3,3,0,0
75b8110e,dataset/raw-data/ARC-ALL/data/training/75b8110e.json,8,8,8,8,0,64,64,1.000000,0.928889,8,8,64,1.000000,8,8,64,1.000000,8,8,64,1.000000,1,1,1,1
760b3cac,dataset/raw-data/ARC-ALL/data/training/760b3cac.json,9,6,10,6,0,54,60,1.111111,0.940000,12,8,96,1.777778,16,16,256,4.740741,12,12,144,2.666667,1,1,1,1
762cd429,dataset/raw-data/ARC-ALL/data/training/762cd429.json,30,16,30,20,0,480,600,1.250000,0.466667,32,16,512,1.066667,32,32,1024,2.133333,32,32,1024,2.133333,2,2,0,0
770cc55f,dataset/raw-data/ARC-ALL/data/training/770cc55f.json,6,13,6,15,0,78,90,1.153846,0.913333,8,16,128,1.641026,16,16,256,3.282051,16,16,256,3.282051,4,4,0,0
776ffc46,dataset/raw-data/ARC-ALL/data/training/776ffc46.json,20,20,20,20,0,400,400,1.000000,0.555556,20,20,400,1.000000,24,24,576,1.440000,20,20,400,1.000000,1,1,1,1
77fdfe62,dataset/raw-data/ARC-ALL/data/training/77fdfe62.json,10,10,10,10,0,100,100,1.000000,0.888889,12,12,144,1.440000,16,16,256,2.560000,12,12,144,1.440000,3,3,0,0
780d0b14,dataset/raw-data/ARC-ALL/data/training/780d0b14.json,28,23,30,24,0,644,720,1.118012,0.284444,28,24,672,1.043478,32,32,1024,1.590062,28,28,784,1.217391,4,4,0,0
782b5218,dataset/raw-data/ARC-ALL/data/training/782b5218.json,10,10,10,10,0,100,100,1.000000,0.888889,12,12,144,1.440000,16,16,256,2.560000,12,12,144,1.440000,1,1,1,1
7837ac64,dataset/raw-data/ARC-ALL/data/training/7837ac64.json,29,29,30,30,0,841,900,1.070155,0.065556,32,32,1024,1.217598,32,32,1024,1.217598,32,32,1024,1.217598,2,1,0,1
78e78cff,dataset/raw-data/ARC-ALL/data/training/78e78cff.json,12,12,12,12,0,144,144,1.000000,0.840000,12,12,144,1.000000,16,16,256,1.777778,12,12,144,1.000000,3,3,0,0
79369cc6,dataset/raw-data/ARC-ALL/data/training/79369cc6.json,17,19,20,20,0,323,400,1.238390,0.641111,20,20,400,1.238390,24,24,576,1.783282,20,20,400,1.238390,4,4,0,0
794b24be,dataset/raw-data/ARC-ALL/data/training/794b24be.json,3,3,4,4,0,9,16,1.777778,0.990000,4,4,16,1.777778,8,8,64,7.111111,4,4,16,1.777778,1,1,1,1
7953d61e,dataset/raw-data/ARC-ALL/data/training/7953d61e.json,8,8,8,8,0,64,64,1.000000,0.928889,8,8,64,1.000000,8,8,64,1.000000,8,8,64,1.000000,1,1,1,1
79cce52d,dataset/raw-data/ARC-ALL/data/training/79cce52d.json,7,7,8,8,0,49,64,1.306122,0.945556,8,8,64,1.306122,8,8,64,1.306122,8,8,64,1.306122,1,1,1,1
7acdf6d3,dataset/raw-data/ARC-ALL/data/training/7acdf6d3.json,16,16,20,20,0,256,400,1.562500,0.715556,16,16,256,1.000000,16,16,256,1.000000,16,16,256,1.000000,3,3,0,0
7b6016b9,dataset/raw-data/ARC-ALL/data/training/7b6016b9.json,25,24,30,24,0,600,720,1.200000,0.333333,28,24,672,1.120000,32,32,1024,1.706667,28,28,784,1.306667,3,3,0,0
7b7f7511,dataset/raw-data/ARC-ALL/data/training/7b7f7511.json,8,8,8,8,0,64,64,1.000000,0.928889,8,8,64,1.000000,8,8,64,1.000000,8,8,64,1.000000,4,4,0,0
7bb29440,dataset/raw-data/ARC-ALL/data/training/7bb29440.json,25,22,30,24,0,550,720,1.309091,0.388889,28,24,672,1.221818,32,32,1024,1.861818,28,28,784,1.425455,6,6,0,0
7c008303,dataset/raw-data/ARC-ALL/data/training/7c008303.json,9,9,10,10,0,81,100,1.234568,0.910000,12,12,144,1.777778,16,16,256,3.160494,12,12,144,1.777778,1,1,1,1
7c8af763,dataset/raw-data/ARC-ALL/data/training/7c8af763.json,10,10,10,10,0,100,100,1.000000,0.888889,12,12,144,1.440000,16,16,256,2.560000,12,12,144,1.440000,1,1,1,1
7c9b52a0,dataset/raw-data/ARC-ALL/data/training/7c9b52a0.json,16,16,20,20,0,256,400,1.562500,0.715556,16,16,256,1.000000,16,16,256,1.000000,16,16,256,1.000000,1,4,1,0
7d18a6fb,dataset/raw-data/ARC-ALL/data/training/7d18a6fb.json,17,18,20,20,0,306,400,1.307190,0.660000,20,20,400,1.307190,24,24,576,1.882353,20,20,400,1.307190,4,1,0,1
7d1f7ee8,dataset/raw-data/ARC-ALL/data/training/7d1f7ee8.json,28,29,30,30,0,812,900,1.108374,0.097778,28,32,896,1.103448,32,32,1024,1.261084,32,32,1024,1.261084,4,4,0,0
7d419a02,dataset/raw-data/ARC-ALL/data/training/7d419a02.json,22,25,24,30,0,550,720,1.309091,0.388889,24,28,672,1.221818,32,32,1024,1.861818,28,28,784,1.425455,4,4,0,0
7d7772cc,dataset/raw-data/ARC-ALL/data/training/7d7772cc.json,16,16,20,20,0,256,400,1.562500,0.715556,16,16,256,1.000000,16,16,256,1.000000,16,16,256,1.000000,2,2,0,0
7ddcd7ec,dataset/raw-data/ARC-ALL/data/training/7ddcd7ec.json,10,10,10,10,0,100,100,1.000000,0.888889,12,12,144,1.440000,16,16,256,2.560000,12,12,144,1.440000,1,1,1,1
7df24a62,dataset/raw-data/ARC-ALL/data/training/7df24a62.json,23,23,24,24,0,529,576,1.088847,0.412222,24,24,576,1.088847,24,24,576,1.088847,24,24,576,1.088847,1,1,1,1
7e02026e,dataset/raw-data/ARC-ALL/data/training/7e02026e.json,12,12,12,12,0,144,144,1.000000,0.840000,12,12,144,1.000000,16,16,256,1.777778,12,12,144,1.000000,1,1,1,1
7e0986d6,dataset/raw-data/ARC-ALL/data/training/7e0986d6.json,17,13,20,15,0,221,300,1.357466,0.754444,20,16,320,1.447964,24,24,576,2.606335,20,20,400,1.809955,3,3,0,0
7e2bad24,dataset/raw-data/ARC-ALL/data/training/7e2bad24.json,16,16,20,20,0,256,400,1.562500,0.715556,16,16,256,1.000000,16,16,256,1.000000,16,16,256,1.000000,1,1,1,1
7e4d4f7c,dataset/raw-data/ARC-ALL/data/training/7e4d4f7c.json,13,12,15,12,0,156,180,1.153846,0.826667,16,12,192,1.230769,16,16,256,1.641026,16,16,256,1.641026,5,5,0,0
7e576d6e,dataset/raw-data/ARC-ALL/data/training/7e576d6e.json,30,30,30,30,0,900,900,1.000000,0.000000,32,32,1024,1.137778,32,32,1024,1.137778,32,32,1024,1.137778,1,1,1,1
7ec998c9,dataset/raw-data/ARC-ALL/data/training/7ec998c9.json,8,8,8,8,0,64,64,1.000000,0.928889,8,8,64,1.000000,8,8,64,1.000000,8,8,64,1.000000,3,3,0,0
7ee1c6ea,dataset/raw-data/ARC-ALL/data/training/7ee1c6ea.json,10,10,10,10,0,100,100,1.000000,0.888889,12,12,144,1.440000,16,16,256,2.560000,12,12,144,1.440000,1,1,1,1
7f4411dc,dataset/raw-data/ARC-ALL/data/training/7f4411dc.json,17,17,20,20,0,289,400,1.384083,0.678889,20,20,400,1.384083,24,24,576,1.993080,20,20,400,1.384083,4,4,0,0
7fe24cdd,dataset/raw-data/ARC-ALL/data/training/7fe24cdd.json,6,6,6,6,0,36,36,1.000000,0.960000,8,8,64,1.777778,8,8,64,1.777778,8,8,64,1.777778,1,1,1,1
80214e03,dataset/raw-data/ARC-ALL/data/training/80214e03.json,19,22,20,24,0,418,480,1.148325,0.535556,20,24,480,1.148325,24,24,576,1.377990,24,24,576,1.377990,4,4,0,0
80af3007,dataset/raw-data/ARC-ALL/data/training/80af3007.json,19,17,20,20,0,323,400,1.238390,0.641111,20,20,400,1.238390,24,24,576,1.783282,20,20,400,1.238390,2,1,0,1
810b9b61,dataset/raw-data/ARC-ALL/data/training/810b9b61.json,15,15,15,15,0,225,225,1.000000,0.750000,16,16,256,1.137778,16,16,256,1.137778,16,16,256,1.137778,3,3,0,0
817e6c09,dataset/raw-data/ARC-ALL/data/training/817e6c09.json,17,7,20,8,0,119,160,1.344538,0.867778,20,8,160,1.344538,24,24,576,4.840336,20,20,400,3.361345,5,5,0,0
81c0276b,dataset/raw-data/ARC-ALL/data/training/81c0276b.json,21,19,24,20,0,399,480,1.203008,0.556667,24,20,480,1.203008,24,24,576,1.443609,24,24,576,1.443609,4,4,0,0
825aa9e9,dataset/raw-data/ARC-ALL/data/training/825aa9e9.json,20,10,20,10,0,200,200,1.000000,0.777778,20,12,240,1.200000,24,24,576,2.880000,20,20,400,2.000000,5,5,0,0
82819916,dataset/raw-data/ARC-ALL/data/training/82819916.json,10,14,10,15,0,140,150,1.071429,0.844444,12,16,192,1.371429,16,16,256,1.828571,16,16,256,1.828571,4,4,0,0
83302e8f,dataset/raw-data/ARC-ALL/data/training/83302e8f.json,29,29,30,30,0,841,900,1.070155,0.065556,32,32,1024,1.217598,32,32,1024,1.217598,32,32,1024,1.217598,4,4,0,0
833966f4,dataset/raw-data/ARC-ALL/data/training/833966f4.json,1,5,4,6,0,5,24,4.800000,0.994444,4,8,32,6.400000,8,8,64,12.800000,8,8,64,12.800000,1,1,1,1
833dafe3,dataset/raw-data/ARC-ALL/data/training/833dafe3.json,16,16,20,20,0,256,400,1.562500,0.715556,16,16,256,1.000000,16,16,256,1.000000,16,16,256,1.000000,3,3,0,0
834ec97d,dataset/raw-data/ARC-ALL/data/training/834ec97d.json,12,12,12,12,0,144,144,1.000000,0.840000,12,12,144,1.000000,16,16,256,1.777778,12,12,144,1.000000,4,4,0,0
83b6b474,dataset/raw-data/ARC-ALL/data/training/83b6b474.json,16,16,20,20,0,256,400,1.562500,0.715556,16,16,256,1.000000,16,16,256,1.000000,16,16,256,1.000000,3,2,0,0
83eb0a57,dataset/raw-data/ARC-ALL/data/training/83eb0a57.json,30,30,30,30,0,900,900,1.000000,0.000000,32,32,1024,1.137778,32,32,1024,1.137778,32,32,1024,1.137778,1,4,1,0
8403a5d5,dataset/raw-data/ARC-ALL/data/training/8403a5d5.json,10,10,10,10,0,100,100,1.000000,0.888889,12,12,144,1.440000,16,16,256,2.560000,12,12,144,1.440000,1,1,1,1
84551f4c,dataset/raw-data/ARC-ALL/data/training/84551f4c.json,30,9,30,10,0,270,300,1.111111,0.700000,32,12,384,1.422222,32,32,1024,3.792593,32,32,1024,3.792593,4,4,0,0
845d6e51,dataset/raw-data/ARC-ALL/data/training/845d6e51.json,17,18,20,20,0,306,400,1.307190,0.660000,20,20,400,1.307190,24,24,576,1.882353,20,20,400,1.307190,3,3,0,0
846bdb03,dataset/raw-data/ARC-ALL/data/training/846bdb03.json,13,13,15,15,0,169,225,1.331361,0.812222,16,16,256,1.514793,16,16,256,1.514793,16,16,256,1.514793,1,4,1,0
84ba50d3,dataset/raw-data/ARC-ALL/data/training/84ba50d3.json,18,18,20,20,0,324,400,1.234568,0.640000,20,20,400,1.234568,24,24,576,1.777778,20,20,400,1.234568,4,4,0,0
84db8fc4,dataset/raw-data/ARC-ALL/data/training/84db8fc4.json,10,10,10,10,0,100,100,1.000000,0.888889,12,12,144,1.440000,16,16,256,2.560000,12,12,144,1.440000,1,1,1,1
84f2aca1,dataset/raw-data/ARC-ALL/data/training/84f2aca1.json,13,16,15,20,0,208,300,1.442308,0.768889,16,16,256,1.230769,16,16,256,1.230769,16,16,256,1.230769,4,4,0,0
855e0971,dataset/raw-data/ARC-ALL/data/training/855e0971.json,19,17,20,20,0,323,400,1.238390,0.641111,20,20,400,1.238390,24,24,576,1.783282,20,20,400,1.238390,5,5,0,0
8597cfd7,dataset/raw-data/ARC-ALL/data/training/8597cfd7.json,9,11,10,12,0,99,120,1.212121,0.890000,12,12,144,1.454545,16,16,256,2.585859,12,12,144,1.454545,2,1,0,1
85b81ff1,dataset/raw-data/ARC-ALL/data/training/85b81ff1.json,14,13,15,15,0,182,225,1.236264,0.797778,16,16,256,1.406593,16,16,256,1.406593,16,16,256,1.406593,1,1,1,1
85c4e7cd,dataset/raw-data/ARC-ALL/data/training/85c4e7cd.json,14,14,15,15,0,196,225,1.147959,0.782222,16,16,256,1.306122,16,16,256,1.306122,16,16,256,1.306122,5,5,0,0
85fa5666,dataset/raw-data/ARC-ALL/data/training/85fa5666.json,12,12,12,12,0,144,144,1.000000,0.840000,12,12,144,1.000000,16,16,256,1.777778,12,12,144,1.000000,3,3,0,0
8618d23e,dataset/raw-data/ARC-ALL/data/training/8618d23e.json,6,7,6,8,0,42,48,1.142857,0.953333,8,8,64,1.523810,8,8,64,1.523810,8,8,64,1.523810,4,4,0,0
868de0fa,dataset/raw-data/ARC-ALL/data/training/868de0fa.json,20,20,20,20,0,400,400,1.000000,0.555556,20,20,400,1.000000,24,24,576,1.440000,20,20,400,1.000000,4,4,0,0
8719f442,dataset/raw-data/ARC-ALL/data/training/8719f442.json,15,15,15,15,0,225,225,1.000000,0.750000,16,16,256,1.137778,16,16,256,1.137778,16,16,256,1.137778,1,1,1,1
8731374e,dataset/raw-data/ARC-ALL/data/training/8731374e.json,23,27,24,30,0,621,720,1.159420,0.310000,24,28,672,1.082126,32,32,1024,1.648953,28,28,784,1.262480,4,4,0,0
878187ab,dataset/raw-data/ARC-ALL/data/training/878187ab.json,16,16,20,20,0,256,400,1.562500,0.715556,16,16,256,1.000000,16,16,256,1.000000,16,16,256,1.000000,2,1,0,1
87ab05b8,dataset/raw-data/ARC-ALL/data/training/87ab05b8.json,4,4,4,4,0,16,16,1.000000,0.982222,4,4,16,1.000000,8,8,64,4.000000,4,4,16,1.000000,1,1,1,1
880c1354,dataset/raw-data/ARC-ALL/data/training/880c1354.json,8,8,8,8,0,64,64,1.000000,0.928889,8,8,64,1.000000,8,8,64,1.000000,8,8,64,1.000000,1,1,1,1
88207623,dataset/raw-data/ARC-ALL/data/training/88207623.json,18,16,20,20,0,288,400,1.388889,0.680000,20,16,320,1.111111,24,24,576,2.000000,20,20,400,1.388889,3,3,0,0
8886d717,dataset/raw-data/ARC-ALL/data/training/8886d717.json,13,13,15,15,0,169,225,1.331361,0.812222,16,16,256,1.514793,16,16,256,1.514793,16,16,256,1.514793,4,4,0,0
88a10436,dataset/raw-data/ARC-ALL/data/training/88a10436.json,11,10,12,10,0,110,120,1.090909,0.877778,12,12,144,1.309091,16,16,256,2.327273,12,12,144,1.309091,4,4,0,0
88a62173,dataset/raw-data/ARC-ALL/data/training/88a62173.json,5,5,6,6,0,25,36,1.440000,0.972222,8,8,64,2.560000,8,8,64,2.560000,8,8,64,2.560000,1,1,1,1
890034e9,dataset/raw-data/ARC-ALL/data/training/890034e9.json,21,21,24,24,0,441,576,1.306122,0.510000,24,24,576,1.306122,24,24,576,1.306122,24,24,576,1.306122,1,1,1,1
891232d6,dataset/raw-data/ARC-ALL/data/training/891232d6.json,29,28,30,30,0,812,900,1.108374,0.097778,32,28,896,1.103448,32,32,1024,1.261084,32,32,1024,1.261084,5,5,0,0
896d5239,dataset/raw-data/ARC-ALL/data/training/896d5239.json,18,15,20,15,0,270,300,1.111111,0.700000,20,16,320,1.185185,24,24,576,2.133333,20,20,400,1.481481,4,4,0,0
8a004b2b,dataset/raw-data/ARC-ALL/data/training/8a004b2b.json,18,19,20,20,0,342,400,1.169591,0.620000,20,20,400,1.169591,24,24,576,1.684211,20,20,400,1.169591,4,4,0,0
8a371977,dataset/raw-data/ARC-ALL/data/training/8a371977.json,30,30,30,30,0,900,900,1.000000,0.000000,32,32,1024,1.137778,32,32,1024,1.137778,32,32,1024,1.137778,4,4,0,0
8a6d367c,dataset/raw-data/ARC-ALL/data/training/8a6d367c.json,21,27,24,30,0,567,720,1.269841,0.370000,24,28,672,1.185185,32,32,1024,1.805996,28,28,784,1.382716,1,4,1,0
8abad3cf,dataset/raw-data/ARC-ALL/data/training/8abad3cf.json,10,7,10,8,0,70,80,1.142857,0.922222,12,8,96,1.371429,16,16,256,3.657143,12,12,144,2.057143,3,3,0,0
8b28cd80,dataset/raw-data/ARC-ALL/data/training/8b28cd80.json,9,9,10,10,0,81,100,1.234568,0.910000,12,12,144,1.777778,16,16,256,3.160494,12,12,144,1.777778,1,1,1,1
8ba14f53,dataset/raw-data/ARC-ALL/data/training/8ba14f53.json,9,4,10,4,0,36,40,1.111111,0.960000,12,4,48,1.333333,16,16,256,7.111111,12,12,144,4.000000,1,1,1,1
8be77c9e,dataset/raw-data/ARC-ALL/data/training/8be77c9e.json,3,6,4,6,0,18,24,1.333333,0.980000,4,8,32,1.777778,8,8,64,3.555556,8,8,64,3.555556,1,1,1,1
8cb8642d,dataset/raw-data/ARC-ALL/data/training/8cb8642d.json,24,19,24,20,0,456,480,1.052632,0.493333,24,20,480,1.052632,24,24,576,1.263158,24,24,576,1.263158,4,4,0,0
8d5021e8,dataset/raw-data/ARC-ALL/data/training/8d5021e8.json,4,9,4,10,0,36,40,1.111111,0.960000,4,12,48,1.333333,16,16,256,7.111111,12,12,144,4.000000,1,1,1,1
8d510a79,dataset/raw-data/ARC-ALL/data/training/8d510a79.json,10,10,10,10,0,100,100,1.000000,0.888889,12,12,144,1.440000,16,16,256,2.560000,12,12,144,1.440000,1,1,1,1
8dab14c2,dataset/raw-data/ARC-ALL/data/training/8dab14c2.json,17,16,20,20,0,272,400,1.470588,0.697778,20,16,320,1.176471,24,24,576,2.117647,20,20,400,1.470588,4,4,0,0
8dae5dfc,dataset/raw-data/ARC-ALL/data/training/8dae5dfc.json,19,20,20,20,0,380,400,1.052632,0.577778,20,20,400,1.052632,24,24,576,1.515789,20,20,400,1.052632,5,5,0,0
8e1813be,dataset/raw-data/ARC-ALL/data/training/8e1813be.json,19,19,20,20,0,361,400,1.108033,0.598889,20,20,400,1.108033,24,24,576,1.595568,20,20,400,1.108033,4,4,0,0
8e2edd66,dataset/raw-data/ARC-ALL/data/training/8e2edd66.json,9,9,10,10,0,81,100,1.234568,0.910000,12,12,144,1.777778,16,16,256,3.160494,12,12,144,1.777778,1,1,1,1
8e301a54,dataset/raw-data/ARC-ALL/data/training/8e301a54.json,10,10,10,10,0,100,100,1.000000,0.888889,12,12,144,1.440000,16,16,256,2.560000,12,12,144,1.440000,1,1,1,1
8e5a5113,dataset/raw-data/ARC-ALL/data/training/8e5a5113.json,11,3,12,4,0,33,48,1.454545,0.963333,12,4,48,1.454545,16,16,256,7.757576,12,12,144,4.363636,1,1,1,1
8eb1be9a,dataset/raw-data/ARC-ALL/data/training/8eb1be9a.json,19,15,20,15,0,285,300,1.052632,0.683333,20,16,320,1.122807,24,24,576,2.021053,20,20,400,1.403509,3,3,0,0
8ee62060,dataset/raw-data/ARC-ALL/data/training/8ee62060.json,14,14,15,15,0,196,225,1.147959,0.782222,16,16,256,1.306122,16,16,256,1.306122,16,16,256,1.306122,3,3,0,0
8efcae92,dataset/raw-data/ARC-ALL/data/training/8efcae92.json,20,20,20,20,0,400,400,1.000000,0.555556,20,20,400,1.000000,24,24,576,1.440000,20,20,400,1.000000,1,4,1,0
8f2ea7aa,dataset/raw-data/ARC-ALL/data/training/8f2ea7aa.json,9,9,10,10,0,81,100,1.234568,0.910000,12,12,144,1.777778,16,16,256,3.160494,12,12,144,1.777778,1,1,1,1
8fbca751,dataset/raw-data/ARC-ALL/data/training/8fbca751.json,12,8,12,8,0,96,96,1.000000,0.893333,12,8,96,1.000000,16,16,256,2.666667,12,12,144,1.500000,2,2,0,0
8fff9e47,dataset/raw-data/ARC-ALL/data/training/8fff9e47.json,12,12,12,12,0,144,144,1.000000,0.840000,12,12,144,1.000000,16,16,256,1.777778,12,12,144,1.000000,3,2,0,0
902510d5,dataset/raw-data/ARC-ALL/data/training/902510d5.json,14,15,15,15,0,210,225,1.071429,0.766667,16,16,256,1.219048,16,16,256,1.219048,16,16,256,1.219048,5,5,0,0
90347967,dataset/raw-data/ARC-ALL/data/training/90347967.json,9,9,10,10,0,81,100,1.234568,0.910000,12,12,144,1.777778,16,16,256,3.160494,12,12,144,1.777778,3,3,0,0
90c28cc7,dataset/raw-data/ARC-ALL/data/training/90c28cc7.json,21,21,24,24,0,441,576,1.306122,0.510000,24,24,576,1.306122,24,24,576,1.306122,24,24,576,1.306122,1,3,1,0
90f3ed37,dataset/raw-data/ARC-ALL/data/training/90f3ed37.json,10,15,10,15,0,150,150,1.000000,0.833333,12,16,192,1.280000,16,16,256,1.706667,16,16,256,1.706667,1,1,1,1
9110e3c5,dataset/raw-data/ARC-ALL/data/training/9110e3c5.json,7,7,8,8,0,49,64,1.306122,0.945556,8,8,64,1.306122,8,8,64,1.306122,8,8,64,1.306122,1,1,1,1
913fb3ed,dataset/raw-data/ARC-ALL/data/training/913fb3ed.json,16,16,20,20,0,256,400,1.562500,0.715556,16,16,256,1.000000,16,16,256,1.000000,16,16,256,1.000000,3,3,0,0
91413438,dataset/raw-data/ARC-ALL/data/training/91413438.json,21,21,24,24,0,441,576,1.306122,0.510000,24,24,576,1.306122,24,24,576,1.306122,24,24,576,1.306122,1,5,1,0
91714a58,dataset/raw-data/ARC-ALL/data/training/91714a58.json,16,16,20,20,0,256,400,1.562500,0.715556,16,16,256,1.000000,16,16,256,1.000000,16,16,256,1.000000,1,1,1,1
9172f3a0,dataset/raw-data/ARC-ALL/data/training/9172f3a0.json,9,9,10,10,0,81,100,1.234568,0.910000,12,12,144,1.777778,16,16,256,3.160494,12,12,144,1.777778,1,1,1,1
917bccba,dataset/raw-data/ARC-ALL/data/training/917bccba.json,12,12,12,12,0,144,144,1.000000,0.840000,12,12,144,1.000000,16,16,256,1.777778,12,12,144,1.000000,1,1,1,1
928ad970,dataset/raw-data/ARC-ALL/data/training/928ad970.json,15,15,15,15,0,225,225,1.000000,0.750000,16,16,256,1.137778,16,16,256,1.137778,16,16,256,1.137778,4,4,0,0
92e50de0,dataset/raw-data/ARC-ALL/data/training/92e50de0.json,29,29,30,30,0,841,900,1.070155,0.065556,32,32,1024,1.217598,32,32,1024,1.217598,32,32,1024,1.217598,4,4,0,0
9344f635,dataset/raw-data/ARC-ALL/data/training/9344f635.json,10,10,10,10,0,100,100,1.000000,0.888889,12,12,144,1.440000,16,16,256,2.560000,12,12,144,1.440000,4,4,0,0
9356391f,dataset/raw-data/ARC-ALL/data/training/9356391f.json,16,16,20,20,0,256,400,1.562500,0.715556,16,16,256,1.000000,16,16,256,1.000000,16,16,256,1.000000,1,1,1,1
93b4f4b3,dataset/raw-data/ARC-ALL/data/training/93b4f4b3.json,12,17,12,20,0,204,240,1.176471,0.773333,12,20,240,1.176471,24,24,576,2.823529,20,20,400,1.960784,3,3,0,0
93b581b8,dataset/raw-data/ARC-ALL/data/training/93b581b8.json,6,6,6,6,0,36,36,1.000000,0.960000,8,8,64,1.777778,8,8,64,1.777778,8,8,64,1.777778,1,1,1,1
93c31fbe,dataset/raw-data/ARC-ALL/data/training/93c31fbe.json,28,26,30,30,0,728,900,1.236264,0.191111,28,28,784,1.076923,32,32,1024,1.406593,28,28,784,1.076923,4,4,0,0
94133066,dataset/raw-data/ARC-ALL/data/training/94133066.json,30,23,30,24,0,690,720,1.043478,0.233333,32,24,768,1.113043,32,32,1024,1.484058,32,32,1024,1.484058,4,4,0,0
941d9a10,dataset/raw-data/ARC-ALL/data/training/941d9a10.json,10,10,10,10,0,100,100,1.000000,0.888889,12,12,144,1.440000,16,16,256,2.560000,12,12,144,1.440000,1,1,1,1
94414823,dataset/raw-data/ARC-ALL/data/training/94414823.json,10,10,10,10,0,100,100,1.000000,0.888889,12,12,144,1.440000,16,16,256,2.560000,12,12,144,1.440000,1,1,1,1
9473c6fb,dataset/raw-data/ARC-ALL/data/training/9473c6fb.json,12,9,12,10,0,108,120,1.111111,0.880000,12,12,144,1.333333,16,16,256,2.370370,12,12,144,1.333333,3,3,0,0
94be5b80,dataset/raw-data/ARC-ALL/data/training/94be5b80.json,15,18,15,20,0,270,300,1.111111,0.700000,16,20,320,1.185185,24,24,576,2.133333,20,20,400,1.481481,3,3,0,0
94f9d214,dataset/raw-data/ARC-ALL/data/training/94f9d214.json,4,8,4,8,0,32,32,1.000000,0.964444,4,8,32,1.000000,8,8,64,2.000000,8,8,64,2.000000,1,1,1,1
952a094c,dataset/raw-data/ARC-ALL/data/training/952a094c.json,10,10,10,10,0,100,100,1.000000,0.888889,12,12,144,1.440000,16,16,256,2.560000,12,12,144,1.440000,1,1,1,1
9565186b,dataset/raw-data/ARC-ALL/data/training/9565186b.json,3,3,4,4,0,9,16,1.777778,0.990000,4,4,16,1.777778,8,8,64,7.111111,4,4,16,1.777778,1,1,1,1
95755ff2,dataset/raw-data/ARC-ALL/data/training/95755ff2.json,11,11,12,12,0,121,144,1.190083,0.865556,12,12,144,1.190083,16,16,256,2.115702,12,12,144,1.190083,1,1,1,1
95990924,dataset/raw-data/ARC-ALL/data/training/95990924.json,15,15,15,15,0,225,225,1.000000,0.750000,16,16,256,1.137778,16,16,256,1.137778,16,16,256,1.137778,2,2,0,0
95a58926,dataset/raw-data/ARC-ALL/data/training/95a58926.json,27,22,30,24,0,594,720,1.212121,0.340000,28,24,672,1.131313,32,32,1024,1.723906,28,28,784,1.319865,4,4,0,0
963c33f8,dataset/raw-data/ARC-ALL/data/training/963c33f8.json,16,16,20,20,0,256,400,1.562500,0.715556,16,16,256,1.000000,16,16,256,1.000000,16,16,256,1.000000,2,2,0,0
963e52fc,dataset/raw-data/ARC-ALL/data/training/963e52fc.json,18,5,20,6,0,90,120,1.333333,0.900000,20,8,160,1.777778,24,24,576,6.400000,20,20,400,4.444444,4,4,0,0
963f59bc,dataset/raw-data/ARC-ALL/data/training/963f59bc.json,16,14,20,15,0,224,300,1.339286,0.751111,16,16,256,1.142857,16,16,256,1.142857,16,16,256,1.142857,5,5,0,0
96a8c0cd,dataset/raw-data/ARC-ALL/data/training/96a8c0cd.json,29,22,30,24,0,638,720,1.128527,0.291111,32,24,768,1.203762,32,32,1024,1.605016,32,32,1024,1.605016,4,4,0,0
9720b24f,dataset/raw-data/ARC-ALL/data/training/9720b24f.json,15,15,15,15,0,225,225,1.000000,0.750000,16,16,256,1.137778,16,16,256,1.137778,16,16,256,1.137778,4,4,0,0
97239e3d,dataset/raw-data/ARC-ALL/data/training/97239e3d.json,17,17,20,20,0,289,400,1.384083,0.678889,20,20,400,1.384083,24,24,576,1.993080,20,20,400,1.384083,1,1,1,1
973e499e,dataset/raw-data/ARC-ALL/data/training/973e499e.json,25,25,30,30,0,625,900,1.440000,0.305556,28,28,784,1.254400,32,32,1024,1.638400,28,28,784,1.254400,3,3,0,0
9772c176,dataset/raw-data/ARC-ALL/data/training/9772c176.json,29,26,30,30,0,754,900,1.193634,0.162222,32,28,896,1.188329,32,32,1024,1.358090,32,32,1024,1.358090,3,3,0,0
97999447,dataset/raw-data/ARC-ALL/data/training/97999447.json,12,10,12,10,0,120,120,1.000000,0.866667,12,12,144,1.200000,16,16,256,2.133333,12,12,144,1.200000,4,4,0,0
97a05b5b,dataset/raw-data/ARC-ALL/data/training/97a05b5b.json,19,24,20,24,0,456,480,1.052632,0.493333,20,24,480,1.052632,24,24,576,1.263158,24,24,576,1.263158,4,4,0,0
97c75046,dataset/raw-data/ARC-ALL/data/training/97c75046.json,16,12,20,12,0,192,240,1.250000,0.786667,16,12,192,1.000000,16,16,256,1.333333,16,16,256,1.333333,4,4,0,0
981add89,dataset/raw-data/ARC-ALL/data/training/981add89.json,30,30,30,30,0,900,900,1.000000,0.000000,32,32,1024,1.137778,32,32,1024,1.137778,32,32,1024,1.137778,2,2,0,0
9841fdad,dataset/raw-data/ARC-ALL/data/training/9841fdad.json,26,14,30,15,0,364,450,1.236264,0.595556,28,16,448,1.230769,32,32,1024,2.813187,28,28,784,2.153846,3,3,0,0
984d8a3e,dataset/raw-data/ARC-ALL/data/training/984d8a3e.json,17,17,20,20,0,289,400,1.384083,0.678889,20,20,400,1.384083,24,24,576,1.993080,20,20,400,1.384083,2,2,0,0
985ae207,dataset/raw-data/ARC-ALL/data/training/985ae207.json,25,25,30,30,0,625,900,1.440000,0.305556,28,28,784,1.254400,32,32,1024,1.638400,28,28,784,1.254400,2,2,0,0
98c475bf,dataset/raw-data/ARC-ALL/data/training/98c475bf.json,20,20,20,20,0,400,400,1.000000,0.555556,20,20,400,1.000000,24,24,576,1.440000,20,20,400,1.000000,1,1,1,1
98cf29f8,dataset/raw-data/ARC-ALL/data/training/98cf29f8.json,19,17,20,20,0,323,400,1.238390,0.641111,20,20,400,1.238390,24,24,576,1.783282,20,20,400,1.238390,4,4,0,0
992798f6,dataset/raw-data/ARC-ALL/data/training/992798f6.json,16,16,20,20,0,256,400,1.562500,0.715556,16,16,256,1.000000,16,16,256,1.000000,16,16,256,1.000000,4,4,0,0
99306f82,dataset/raw-data/ARC-ALL/data/training/99306f82.json,20,20,20,20,0,400,400,1.000000,0.555556,20,20,400,1.000000,24,24,576,1.440000,20,20,400,1.000000,3,3,0,0
995c5fa3,dataset/raw-data/ARC-ALL/data/training/995c5fa3.json,14,4,15,4,0,56,60,1.071429,0.937778,16,4,64,1.142857,16,16,256,4.571429,16,16,256,4.571429,1,1,1,1
9968a131,dataset/raw-data/ARC-ALL/data/training/9968a131.json,6,6,6,6,0,36,36,1.000000,0.960000,8,8,64,1.777778,8,8,64,1.777778,8,8,64,1.777778,3,3,0,0
996ec1f3,dataset/raw-data/ARC-ALL/data/training/996ec1f3.json,19,19,20,20,0,361,400,1.108033,0.598889,20,20,400,1.108033,24,24,576,1.595568,20,20,400,1.108033,1,1,1,1
99b1bc43,dataset/raw-data/ARC-ALL/data/training/99b1bc43.json,4,9,4,10,0,36,40,1.111111,0.960000,4,12,48,1.333333,16,16,256,7.111111,12,12,144,4.000000,1,1,1,1
99caaf76,dataset/raw-data/ARC-ALL/data/training/99caaf76.json,17,18,20,20,0,306,400,1.307190,0.660000,20,20,400,1.307190,24,24,576,1.882353,20,20,400,1.307190,4,4,0,0
99fa7670,dataset/raw-data/ARC-ALL/data/training/99fa7670.json,8,7,8,8,0,56,64,1.142857,0.937778,8,8,64,1.142857,8,8,64,1.142857,8,8,64,1.142857,4,4,0,0
9a4bb226,dataset/raw-data/ARC-ALL/data/training/9a4bb226.json,15,15,15,15,0,225,225,1.000000,0.750000,16,16,256,1.137778,16,16,256,1.137778,16,16,256,1.137778,1,1,1,1
9aec4887,dataset/raw-data/ARC-ALL/data/training/9aec4887.json,16,16,20,20,0,256,400,1.562500,0.715556,16,16,256,1.000000,16,16,256,1.000000,16,16,256,1.000000,4,3,0,0
9af7a82c,dataset/raw-data/ARC-ALL/data/training/9af7a82c.json,5,6,6,6,0,30,36,1.200000,0.966667,8,8,64,2.133333,8,8,64,2.133333,8,8,64,2.133333,4,5,0,0
9b2a60aa,dataset/raw-data/ARC-ALL/data/training/9b2a60aa.json,24,23,24,24,0,552,576,1.043478,0.386667,24,24,576,1.043478,24,24,576,1.043478,24,24,576,1.043478,4,4,0,0
9b30e358,dataset/raw-data/ARC-ALL/data/training/9b30e358.json,7,10,8,10,0,70,80,1.142857,0.922222,8,12,96,1.371429,16,16,256,3.657143,12,12,144,2.057143,2,2,0,0
9b365c51,dataset/raw-data/ARC-ALL/data/training/9b365c51.json,28,8,30,8,0,224,240,1.071429,0.751111,28,8,224,1.000000,32,32,1024,4.571429,28,28,784,3.500000,4,4,0,0
9b4c17c4,dataset/raw-data/ARC-ALL/data/training/9b4c17c4.json,15,15,15,15,0,225,225,1.000000,0.750000,16,16,256,1.137778,16,16,256,1.137778,16,16,256,1.137778,6,6,0,0
9b5080bb,dataset/raw-data/ARC-ALL/data/training/9b5080bb.json,27,27,30,30,0,729,900,1.234568,0.190000,28,28,784,1.075446,32,32,1024,1.404664,28,28,784,1.075446,3,3,0,0
9ba4a9aa,dataset/raw-data/ARC-ALL/data/training/9ba4a9aa.json,22,22,24,24,0,484,576,1.190083,0.462222,24,24,576,1.190083,24,24,576,1.190083,24,24,576,1.190083,1,1,1,1
9bebae7a,dataset/raw-data/ARC-ALL/data/training/9bebae7a.json,13,12,15,12,0,156,180,1.153846,0.826667,16,12,192,1.230769,16,16,256,1.641026,16,16,256,1.641026,6,6,0,0
9c1e755f,dataset/raw-data/ARC-ALL/data/training/9c1e755f.json,10,10,10,10,0,100,100,1.000000,0.888889,12,12,144,1.440000,16,16,256,2.560000,12,12,144,1.440000,1,1,1,1
9c56f360,dataset/raw-data/ARC-ALL/data/training/9c56f360.json,9,9,10,10,0,81,100,1.234568,0.910000,12,12,144,1.777778,16,16,256,3.160494,12,12,144,1.777778,4,4,0,0
9caba7c3,dataset/raw-data/ARC-ALL/data/training/9caba7c3.json,19,19,20,20,0,361,400,1.108033,0.598889,20,20,400,1.108033,24,24,576,1.595568,20,20,400,1.108033,1,1,1,1
9caf5b84,dataset/raw-data/ARC-ALL/data/training/9caf5b84.json,6,6,6,6,0,36,36,1.000000,0.960000,8,8,64,1.777778,8,8,64,1.777778,8,8,64,1.777778,4,4,0,0
9d9215db,dataset/raw-data/ARC-ALL/data/training/9d9215db.json,19,19,20,20,0,361,400,1.108033,0.598889,20,20,400,1.108033,24,24,576,1.595568,20,20,400,1.108033,1,1,1,1
9ddd00f0,dataset/raw-data/ARC-ALL/data/training/9ddd00f0.json,19,19,20,20,0,361,400,1.108033,0.598889,20,20,400,1.108033,24,24,576,1.595568,20,20,400,1.108033,3,3,0,0
9def23fe,dataset/raw-data/ARC-ALL/data/training/9def23fe.json,25,21,30,24,0,525,720,1.371429,0.416667,28,24,672,1.280000,32,32,1024,1.950476,28,28,784,1.493333,4,4,0,0
9dfd6313,dataset/raw-data/ARC-ALL/data/training/9dfd6313.json,6,6,6,6,0,36,36,1.000000,0.960000,8,8,64,1.777778,8,8,64,1.777778,8,8,64,1.777778,4,4,0,0
9ecd008a,dataset/raw-data/ARC-ALL/data/training/9ecd008a.json,16,16,20,20,0,256,400,1.562500,0.715556,16,16,256,1.000000,16,16,256,1.000000,16,16,256,1.000000,1,1,1,1
9edfc990,dataset/raw-data/ARC-ALL/data/training/9edfc990.json,16,16,20,20,0,256,400,1.562500,0.715556,16,16,256,1.000000,16,16,256,1.000000,16,16,256,1.000000,3,3,0,0
9f236235,dataset/raw-data/ARC-ALL/data/training/9f236235.json,23,23,24,24,0,529,576,1.088847,0.412222,24,24,576,1.088847,24,24,576,1.088847,24,24,576,1.088847,3,2,0,0
9f27f097,dataset/raw-data/ARC-ALL/data/training/9f27f097.json,12,12,12,12,0,144,144,1.000000,0.840000,12,12,144,1.000000,16,16,256,1.777778,12,12,144,1.000000,1,1,1,1
9f41bd9c,dataset/raw-data/ARC-ALL/data/training/9f41bd9c.json,18,18,20,20,0,324,400,1.234568,0.640000,20,20,400,1.234568,24,24,576,1.777778,20,20,400,1.234568,3,3,0,0
9f5f939b,dataset/raw-data/ARC-ALL/data/training/9f5f939b.json,20,20,20,20,0,400,400,1.000000,0.555556,20,20,400,1.000000,24,24,576,1.440000,20,20,400,1.000000,3,3,0,0
9f669b64,dataset/raw-data/ARC-ALL/data/training/9f669b64.json,10,10,10,10,0,100,100,1.000000,0.888889,12,12,144,1.440000,16,16,256,2.560000,12,12,144,1.440000,1,1,1,1
9f8de559,dataset/raw-data/ARC-ALL/data/training/9f8de559.json,14,14,15,15,0,196,225,1.147959,0.782222,16,16,256,1.306122,16,16,256,1.306122,16,16,256,1.306122,1,1,1,1
AboveBelow1,dataset/raw-data/ARC-ALL/data/training/AboveBelow1.json,16,14,20,15,0,224,300,1.339286,0.751111,16,16,256,1.142857,16,16,256,1.142857,16,16,256,1.142857,6,6,0,0
AboveBelow10,dataset/raw-data/ARC-ALL/data/training/AboveBelow10.json,14,11,15,12,0,154,180,1.168831,0.828889,16,12,192,1.246753,16,16,256,1.662338,16,16,256,1.662338,5,5,0,0
AboveBelow2,dataset/raw-data/ARC-ALL/data/training/AboveBelow2.json,20,20,20,20,0,400,400,1.000000,0.555556,20,20,400,1.000000,24,24,576,1.440000,20,20,400,1.000000,6,6,0,0
AboveBelow3,dataset/raw-data/ARC-ALL/data/training/AboveBelow3.json,10,12,10,12,0,120,120,1.000000,0.866667,12,12,144,1.200000,16,16,256,2.133333,12,12,144,1.200000,5,5,0,0
AboveBelow4,dataset/raw-data/ARC-ALL/data/training/AboveBelow4.json,12,10,12,10,0,120,120,1.000000,0.866667,12,12,144,1.200000,16,16,256,2.133333,12,12,144,1.200000,4,4,0,0
AboveBelow5,dataset/raw-data/ARC-ALL/data/training/AboveBelow5.json,12,10,12,10,0,120,120,1.000000,0.866667,12,12,144,1.200000,16,16,256,2.133333,12,12,144,1.200000,4,4,0,0
AboveBelow6,dataset/raw-data/ARC-ALL/data/training/AboveBelow6.json,14,10,15,10,0,140,150,1.071429,0.844444,16,12,192,1.371429,16,16,256,1.828571,16,16,256,1.828571,4,4,0,0
AboveBelow7,dataset/raw-data/ARC-ALL/data/training/AboveBelow7.json,15,14,15,15,0,210,225,1.071429,0.766667,16,16,256,1.219048,16,16,256,1.219048,16,16,256,1.219048,5,5,0,0
AboveBelow8,dataset/raw-data/ARC-ALL/data/training/AboveBelow8.json,15,13,15,15,0,195,225,1.153846,0.783333,16,16,256,1.312821,16,16,256,1.312821,16,16,256,1.312821,6,6,0,0
AboveBelow9,dataset/raw-data/ARC-ALL/data/training/AboveBelow9.json,15,13,15,15,0,195,225,1.153846,0.783333,16,16,256,1.312821,16,16,256,1.312821,16,16,256,1.312821,5,5,0,0
AboveBelowMinimal,dataset/raw-data/ARC-ALL/data/training/AboveBelowMinimal.json,12,9,12,10,0,108,120,1.111111,0.880000,12,12,144,1.333333,16,16,256,2.370370,12,12,144,1.333333,4,1,0,1
Center1,dataset/raw-data/ARC-ALL/data/training/Center1.json,20,20,20,20,0,400,400,1.000000,0.555556,20,20,400,1.000000,24,24,576,1.440000,20,20,400,1.000000,5,5,0,0
Center10,dataset/raw-data/ARC-ALL/data/training/Center10.json,6,8,6,8,0,48,48,1.000000,0.946667,8,8,64,1.333333,8,8,64,1.333333,8,8,64,1.333333,3,3,0,0
Center2,dataset/raw-data/ARC-ALL/data/training/Center2.json,11,1,12,4,0,11,48,4.363636,0.987778,12,4,48,4.363636,16,16,256,23.272727,12,12,144,13.090909,5,1,0,1
Center3,dataset/raw-data/ARC-ALL/data/training/Center3.json,20,20,20,20,0,400,400,1.000000,0.555556,20,20,400,1.000000,24,24,576,1.440000,20,20,400,1.000000,4,5,0,0
Center4,dataset/raw-data/ARC-ALL/data/training/Center4.json,13,13,15,15,0,169,225,1.331361,0.812222,16,16,256,1.514793,16,16,256,1.514793,16,16,256,1.514793,5,5,0,0
Center5,dataset/raw-data/ARC-ALL/data/training/Center5.json,10,10,10,10,0,100,100,1.000000,0.888889,12,12,144,1.440000,16,16,256,2.560000,12,12,144,1.440000,2,2,0,0
Center6,dataset/raw-data/ARC-ALL/data/training/Center6.json,15,15,15,15,0,225,225,1.000000,0.750000,16,16,256,1.137778,16,16,256,1.137778,16,16,256,1.137778,4,4,0,0
Center7,dataset/raw-data/ARC-ALL/data/training/Center7.json,10,9,10,10,0,90,100,1.111111,0.900000,12,12,144,1.600000,16,16,256,2.844444,12,12,144,1.600000,5,3,0,0
Center8,dataset/raw-data/ARC-ALL/data/training/Center8.json,15,15,15,15,0,225,225,1.000000,0.750000,16,16,256,1.137778,16,16,256,1.137778,16,16,256,1.137778,4,4,0,0
Center9,dataset/raw-data/ARC-ALL/data/training/Center9.json,10,11,10,12,0,110,120,1.090909,0.877778,12,12,144,1.309091,16,16,256,2.327273,12,12,144,1.309091,5,5,0,0
CenterMinimal,dataset/raw-data/ARC-ALL/data/training/CenterMinimal.json,11,11,12,12,0,121,144,1.190083,0.865556,12,12,144,1.190083,16,16,256,2.115702,12,12,144,1.190083,5,5,0,0
CleanUp1,dataset/raw-data/ARC-ALL/data/training/CleanUp1.json,13,12,15,12,0,156,180,1.153846,0.826667,16,12,192,1.230769,16,16,256,1.641026,16,16,256,1.641026,5,5,0,0
CleanUp10,dataset/raw-data/ARC-ALL/data/training/CleanUp10.json,12,12,12,12,0,144,144,1.000000,0.840000,12,12,144,1.000000,16,16,256,1.777778,12,12,144,1.000000,3,3,0,0
CleanUp2,dataset/raw-data/ARC-ALL/data/training/CleanUp2.json,11,12,12,12,0,132,144,1.090909,0.853333,12,12,144,1.090909,16,16,256,1.939394,12,12,144,1.090909,4,4,0,0
CleanUp3,dataset/raw-data/ARC-ALL/data/training/CleanUp3.json,15,13,15,15,0,195,225,1.153846,0.783333,16,16,256,1.312821,16,16,256,1.312821,16,16,256,1.312821,3,3,0,0
CleanUp4,dataset/raw-data/ARC-ALL/data/training/CleanUp4.json,20,18,20,20,0,360,400,1.111111,0.600000,20,20,400,1.111111,24,24,576,1.600000,20,20,400,1.111111,6,6,0,0
CleanUp5,dataset/raw-data/ARC-ALL/data/training/CleanUp5.json,24,19,24,20,0,456,480,1.052632,0.493333,24,20,480,1.052632,24,24,576,1.263158,24,24,576,1.263158,5,5,0,0
CleanUp6,dataset/raw-data/ARC-ALL/data/training/CleanUp6.json,17,17,20,20,0,289,400,1.384083,0.678889,20,20,400,1.384083,24,24,576,1.993080,20,20,400,1.384083,5,5,0,0
CleanUp7,dataset/raw-data/ARC-ALL/data/training/CleanUp7.json,9,9,10,10,0,81,100,1.234568,0.910000,12,12,144,1.777778,16,16,256,3.160494,12,12,144,1.777778,1,1,1,1
CleanUp8,dataset/raw-data/ARC-ALL/data/training/CleanUp8.json,14,14,15,15,0,196,225,1.147959,0.782222,16,16,256,1.306122,16,16,256,1.306122,16,16,256,1.306122,3,3,0,0
CleanUp9,dataset/raw-data/ARC-ALL/data/training/CleanUp9.json,12,12,12,12,0,144,144,1.000000,0.840000,12,12,144,1.000000,16,16,256,1.777778,12,12,144,1.000000,2,2,0,0
CleanUpMinimal,dataset/raw-data/ARC-ALL/data/training/CleanUpMinimal.json,13,13,15,15,0,169,225,1.331361,0.812222,16,16,256,1.514793,16,16,256,1.514793,16,16,256,1.514793,4,4,0,0
CompleteShape1,dataset/raw-data/ARC-ALL/data/training/CompleteShape1.json,10,12,10,12,0,120,120,1.000000,0.866667,12,12,144,1.200000,16,16,256,2.133333,12,12,144,1.200000,4,4,0,0
CompleteShape10,dataset/raw-data/ARC-ALL/data/training/CompleteShape10.json,20,17,20,20,0,340,400,1.176471,0.622222,20,20,400,1.176471,24,24,576,1.694118,20,20,400,1.176471,5,5,0,0
CompleteShape2,dataset/raw-data/ARC-ALL/data/training/CompleteShape2.json,10,10,10,10,0,100,100,1.000000,0.888889,12,12,144,1.440000,16,16,256,2.560000,12,12,144,1.440000,4,4,0,0
CompleteShape3,dataset/raw-data/ARC-ALL/data/training/CompleteShape3.json,16,15,20,15,0,240,300,1.250000,0.733333,16,16,256,1.066667,16,16,256,1.066667,16,16,256,1.066667,3,3,0,0
CompleteShape4,dataset/raw-data/ARC-ALL/data/training/CompleteShape4.json,10,12,10,12,0,120,120,1.000000,0.866667,12,12,144,1.200000,16,16,256,2.133333,12,12,144,1.200000,3,3,0,0
CompleteShape5,dataset/raw-data/ARC-ALL/data/training/CompleteShape5.json,10,10,10,10,0,100,100,1.000000,0.888889,12,12,144,1.440000,16,16,256,2.560000,12,12,144,1.440000,2,2,0,0
CompleteShape6,dataset/raw-data/ARC-ALL/data/training/CompleteShape6.json,10,10,10,10,0,100,100,1.000000,0.888889,12,12,144,1.440000,16,16,256,2.560000,12,12,144,1.440000,2,2,0,0
CompleteShape7,dataset/raw-data/ARC-ALL/data/training/CompleteShape7.json,10,10,10,10,0,100,100,1.000000,0.888889,12,12,144,1.440000,16,16,256,2.560000,12,12,144,1.440000,3,3,0,0
CompleteShape8,dataset/raw-data/ARC-ALL/data/training/CompleteShape8.json,10,12,10,12,0,120,120,1.000000,0.866667,12,12,144,1.200000,16,16,256,2.133333,12,12,144,1.200000,2,2,0,0
CompleteShape9,dataset/raw-data/ARC-ALL/data/training/CompleteShape9.json,15,12,15,12,0,180,180,1.000000,0.800000,16,12,192,1.066667,16,16,256,1.422222,16,16,256,1.422222,4,4,0,0
CompleteShapeMinimal,dataset/raw-data/ARC-ALL/data/training/CompleteShapeMinimal.json,9,9,10,10,0,81,100,1.234568,0.910000,12,12,144,1.777778,16,16,256,3.160494,12,12,144,1.777778,3,3,0,0
Copy1,dataset/raw-data/ARC-ALL/data/training/Copy1.json,12,6,12,6,0,72,72,1.000000,0.920000,12,8,96,1.333333,16,16,256,3.555556,12,12,144,2.000000,6,6,0,0
Copy10,dataset/raw-data/ARC-ALL/data/training/Copy10.json,25,25,30,30,0,625,900,1.440000,0.305556,28,28,784,1.254400,32,32,1024,1.638400,28,28,784,1.254400,5,5,0,0
Copy2,dataset/raw-data/ARC-ALL/data/training/Copy2.json,20,20,20,20,0,400,400,1.000000,0.555556,20,20,400,1.000000,24,24,576,1.440000,20,20,400,1.000000,5,5,0,0
Copy3,dataset/raw-data/ARC-ALL/data/training/Copy3.json,20,15,20,15,0,300,300,1.000000,0.666667,20,16,320,1.066667,24,24,576,1.920000,20,20,400,1.333333,5,5,0,0
Copy4,dataset/raw-data/ARC-ALL/data/training/Copy4.json,22,16,24,20,0,352,480,1.363636,0.608889,24,16,384,1.090909,24,24,576,1.636364,24,24,576,1.636364,5,5,0,0
Copy5,dataset/raw-data/ARC-ALL/data/training/Copy5.json,11,15,12,15,0,165,180,1.090909,0.816667,12,16,192,1.163636,16,16,256,1.551515,16,16,256,1.551515,6,6,0,0
Copy6,dataset/raw-data/ARC-ALL/data/training/Copy6.json,11,11,12,12,0,121,144,1.190083,0.865556,12,12,144,1.190083,16,16,256,2.115702,12,12,144,1.190083,5,4,0,0
Copy7,dataset/raw-data/ARC-ALL/data/training/Copy7.json,13,12,15,12,0,156,180,1.153846,0.826667,16,12,192,1.230769,16,16,256,1.641026,16,16,256,1.641026,5,5,0,0
Copy8,dataset/raw-data/ARC-ALL/data/training/Copy8.json,17,13,20,15,0,221,300,1.357466,0.754444,20,16,320,1.447964,24,24,576,2.606335,20,20,400,1.809955,4,4,0,0
Copy9,dataset/raw-data/ARC-ALL/data/training/Copy9.json,11,12,12,12,0,132,144,1.090909,0.853333,12,12,144,1.090909,16,16,256,1.939394,12,12,144,1.090909,6,6,0,0
CopyMinimal,dataset/raw-data/ARC-ALL/data/training/CopyMinimal.json,11,7,12,8,0,77,96,1.246753,0.914444,12,8,96,1.246753,16,16,256,3.324675,12,12,144,1.870130,5,5,0,0
Count1,dataset/raw-data/ARC-ALL/data/training/Count1.json,12,12,12,12,0,144,144,1.000000,0.840000,12,12,144,1.000000,16,16,256,1.777778,12,12,144,1.000000,6,1,0,1
Count10,dataset/raw-data/ARC-ALL/data/training/Count10.json,13,12,15,12,0,156,180,1.153846,0.826667,16,12,192,1.230769,16,16,256,1.641026,16,16,256,1.641026,6,5,0,0
Count2,dataset/raw-data/ARC-ALL/data/training/Count2.json,21,21,24,24,0,441,576,1.306122,0.510000,24,24,576,1.306122,24,24,576,1.306122,24,24,576,1.306122,5,5,0,0
Count3,dataset/raw-data/ARC-ALL/data/training/Count3.json,14,14,15,15,0,196,225,1.147959,0.782222,16,16,256,1.306122,16,16,256,1.306122,16,16,256,1.306122,6,4,0,0
Count4,dataset/raw-data/ARC-ALL/data/training/Count4.json,14,14,15,15,0,196,225,1.147959,0.782222,16,16,256,1.306122,16,16,256,1.306122,16,16,256,1.306122,6,4,0,0
Count5,dataset/raw-data/ARC-ALL/data/training/Count5.json,8,7,8,8,0,56,64,1.142857,0.937778,8,8,64,1.142857,8,8,64,1.142857,8,8,64,1.142857,1,5,1,0
Count6,dataset/raw-data/ARC-ALL/data/training/Count6.json,15,15,15,15,0,225,225,1.000000,0.750000,16,16,256,1.137778,16,16,256,1.137778,16,16,256,1.137778,5,1,0,1
Count7,dataset/raw-data/ARC-ALL/data/training/Count7.json,19,15,20,15,0,285,300,1.052632,0.683333,20,16,320,1.122807,24,24,576,2.021053,20,20,400,1.403509,5,5,0,0
Count8,dataset/raw-data/ARC-ALL/data/training/Count8.json,19,15,20,15,0,285,300,1.052632,0.683333,20,16,320,1.122807,24,24,576,2.021053,20,20,400,1.403509,5,5,0,0
Count9,dataset/raw-data/ARC-ALL/data/training/Count9.json,12,12,12,12,0,144,144,1.000000,0.840000,12,12,144,1.000000,16,16,256,1.777778,12,12,144,1.000000,3,4,0,0
CountMinimal,dataset/raw-data/ARC-ALL/data/training/CountMinimal.json,6,6,6,6,0,36,36,1.000000,0.960000,8,8,64,1.777778,8,8,64,1.777778,8,8,64,1.777778,1,5,1,0
ExtendToBoundary1,dataset/raw-data/ARC-ALL/data/training/ExtendToBoundary1.json,14,14,15,15,0,196,225,1.147959,0.782222,16,16,256,1.306122,16,16,256,1.306122,16,16,256,1.306122,5,5,0,0
ExtendToBoundary10,dataset/raw-data/ARC-ALL/data/training/ExtendToBoundary10.json,14,12,15,12,0,168,180,1.071429,0.813333,16,12,192,1.142857,16,16,256,1.523810,16,16,256,1.523810,4,4,0,0
ExtendToBoundary2,dataset/raw-data/ARC-ALL/data/training/ExtendToBoundary2.json,19,18,20,20,0,342,400,1.169591,0.620000,20,20,400,1.169591,24,24,576,1.684211,20,20,400,1.169591,5,5,0,0
ExtendToBoundary3,dataset/raw-data/ARC-ALL/data/training/ExtendToBoundary3.json,20,19,20,20,0,380,400,1.052632,0.577778,20,20,400,1.052632,24,24,576,1.515789,20,20,400,1.052632,5,5,0,0
ExtendToBoundary4,dataset/raw-data/ARC-ALL/data/training/ExtendToBoundary4.json,6,6,6,6,0,36,36,1.000000,0.960000,8,8,64,1.777778,8,8,64,1.777778,8,8,64,1.777778,1,1,1,1
ExtendToBoundary5,dataset/raw-data/ARC-ALL/data/training/ExtendToBoundary5.json,9,9,10,10,0,81,100,1.234568,0.910000,12,12,144,1.777778,16,16,256,3.160494,12,12,144,1.777778,5,5,0,0
ExtendToBoundary6,dataset/raw-data/ARC-ALL/data/training/ExtendToBoundary6.json,10,10,10,10,0,100,100,1.000000,0.888889,12,12,144,1.440000,16,16,256,2.560000,12,12,144,1.440000,5,5,0,0
ExtendToBoundary7,dataset/raw-data/ARC-ALL/data/training/ExtendToBoundary7.json,23,17,24,20,0,391,480,1.227621,0.565556,24,20,480,1.227621,24,24,576,1.473146,24,24,576,1.473146,5,5,0,0
ExtendToBoundary8,dataset/raw-data/ARC-ALL/data/training/ExtendToBoundary8.json,20,17,20,20,0,340,400,1.176471,0.622222,20,20,400,1.176471,24,24,576,1.694118,20,20,400,1.176471,5,5,0,0
ExtendToBoundary9,dataset/raw-data/ARC-ALL/data/training/ExtendToBoundary9.json,18,16,20,20,0,288,400,1.388889,0.680000,20,16,320,1.111111,24,24,576,2.000000,20,20,400,1.388889,6,6,0,0
ExtendToBoundaryMinimal,dataset/raw-data/ARC-ALL/data/training/ExtendToBoundaryMinimal.json,6,6,6,6,0,36,36,1.000000,0.960000,8,8,64,1.777778,8,8,64,1.777778,8,8,64,1.777778,1,1,1,1
ExtractObjects1,dataset/raw-data/ARC-ALL/data/training/ExtractObjects1.json,10,10,10,10,0,100,100,1.000000,0.888889,12,12,144,1.440000,16,16,256,2.560000,12,12,144,1.440000,1,6,1,0
ExtractObjects10,dataset/raw-data/ARC-ALL/data/training/ExtractObjects10.json,20,12,20,12,0,240,240,1.000000,0.733333,20,12,240,1.000000,24,24,576,2.400000,20,20,400,1.666667,5,5,0,0
ExtractObjects2,dataset/raw-data/ARC-ALL/data/training/ExtractObjects2.json,16,16,20,20,0,256,400,1.562500,0.715556,16,16,256,1.000000,16,16,256,1.000000,16,16,256,1.000000,5,5,0,0
ExtractObjects3,dataset/raw-data/ARC-ALL/data/training/ExtractObjects3.json,19,19,20,20,0,361,400,1.108033,0.598889,20,20,400,1.108033,24,24,576,1.595568,20,20,400,1.108033,5,4,0,0
ExtractObjects4,dataset/raw-data/ARC-ALL/data/training/ExtractObjects4.json,16,15,20,15,0,240,300,1.250000,0.733333,16,16,256,1.066667,16,16,256,1.066667,16,16,256,1.066667,6,6,0,0
ExtractObjects5,dataset/raw-data/ARC-ALL/data/training/ExtractObjects5.json,22,17,24,20,0,374,480,1.283422,0.584444,24,20,480,1.283422,24,24,576,1.540107,24,24,576,1.540107,5,4,0,0
ExtractObjects6,dataset/raw-data/ARC-ALL/data/training/ExtractObjects6.json,15,13,15,15,0,195,225,1.153846,0.783333,16,16,256,1.312821,16,16,256,1.312821,16,16,256,1.312821,5,5,0,0
ExtractObjects7,dataset/raw-data/ARC-ALL/data/training/ExtractObjects7.json,15,15,15,15,0,225,225,1.000000,0.750000,16,16,256,1.137778,16,16,256,1.137778,16,16,256,1.137778,5,5,0,0
ExtractObjects8,dataset/raw-data/ARC-ALL/data/training/ExtractObjects8.json,12,11,12,12,0,132,144,1.090909,0.853333,12,12,144,1.090909,16,16,256,1.939394,12,12,144,1.090909,4,5,0,0
ExtractObjects9,dataset/raw-data/ARC-ALL/data/training/ExtractObjects9.json,15,15,15,15,0,225,225,1.000000,0.750000,16,16,256,1.137778,16,16,256,1.137778,16,16,256,1.137778,5,4,0,0
ExtractObjectsMinimal,dataset/raw-data/ARC-ALL/data/training/ExtractObjectsMinimal.json,14,14,15,15,0,196,225,1.147959,0.782222,16,16,256,1.306122,16,16,256,1.306122,16,16,256,1.306122,4,6,0,0
FilledNotFilled1,dataset/raw-data/ARC-ALL/data/training/FilledNotFilled1.json,16,13,20,15,0,208,300,1.442308,0.768889,16,16,256,1.230769,16,16,256,1.230769,16,16,256,1.230769,3,1,0,1
FilledNotFilled10,dataset/raw-data/ARC-ALL/data/training/FilledNotFilled10.json,14,14,15,15,0,196,225,1.147959,0.782222,16,16,256,1.306122,16,16,256,1.306122,16,16,256,1.306122,7,7,0,0
FilledNotFilled2,dataset/raw-data/ARC-ALL/data/training/FilledNotFilled2.json,13,10,15,10,0,130,150,1.153846,0.855556,16,12,192,1.476923,16,16,256,1.969231,16,16,256,1.969231,3,6,0,0
FilledNotFilled3,dataset/raw-data/ARC-ALL/data/training/FilledNotFilled3.json,10,10,10,10,0,100,100,1.000000,0.888889,12,12,144,1.440000,16,16,256,2.560000,12,12,144,1.440000,2,5,0,0
FilledNotFilled4,dataset/raw-data/ARC-ALL/data/training/FilledNotFilled4.json,20,12,20,12,0,240,240,1.000000,0.733333,20,12,240,1.000000,24,24,576,2.400000,20,20,400,1.666667,6,6,0,0
FilledNotFilled5,dataset/raw-data/ARC-ALL/data/training/FilledNotFilled5.json,12,12,12,12,0,144,144,1.000000,0.840000,12,12,144,1.000000,16,16,256,1.777778,12,12,144,1.000000,4,4,0,0
FilledNotFilled6,dataset/raw-data/ARC-ALL/data/training/FilledNotFilled6.json,14,19,15,20,0,266,300,1.127820,0.704444,16,20,320,1.203008,24,24,576,2.165414,20,20,400,1.503759,4,4,0,0
FilledNotFilled7,dataset/raw-data/ARC-ALL/data/training/FilledNotFilled7.json,18,10,20,10,0,180,200,1.111111,0.800000,20,12,240,1.333333,24,24,576,3.200000,20,20,400,2.222222,5,5,0,0
FilledNotFilled8,dataset/raw-data/ARC-ALL/data/training/FilledNotFilled8.json,14,15,15,15,0,210,225,1.071429,0.766667,16,16,256,1.219048,16,16,256,1.219048,16,16,256,1.219048,5,5,0,0
FilledNotFilled9,dataset/raw-data/ARC-ALL/data/training/FilledNotFilled9.json,15,15,15,15,0,225,225,1.000000,0.750000,16,16,256,1.137778,16,16,256,1.137778,16,16,256,1.137778,7,7,0,0
FilledNotFilledMinimal,dataset/raw-data/ARC-ALL/data/training/FilledNotFilledMinimal.json,8,8,8,8,0,64,64,1.000000,0.928889,8,8,64,1.000000,8,8,64,1.000000,8,8,64,1.000000,1,1,1,1
HorizontalVertical1,dataset/raw-data/ARC-ALL/data/training/HorizontalVertical1.json,23,18,24,20,0,414,480,1.159420,0.540000,24,20,480,1.159420,24,24,576,1.391304,24,24,576,1.391304,5,5,0,0
HorizontalVertical10,dataset/raw-data/ARC-ALL/data/training/HorizontalVertical10.json,10,10,10,10,0,100,100,1.000000,0.888889,12,12,144,1.440000,16,16,256,2.560000,12,12,144,1.440000,1,1,1,1
HorizontalVertical2,dataset/raw-data/ARC-ALL/data/training/HorizontalVertical2.json,21,16,24,20,0,336,480,1.428571,0.626667,24,16,384,1.142857,24,24,576,1.714286,24,24,576,1.714286,5,5,0,0
HorizontalVertical3,dataset/raw-data/ARC-ALL/data/training/HorizontalVertical3.json,12,12,12,12,0,144,144,1.000000,0.840000,12,12,144,1.000000,16,16,256,1.777778,12,12,144,1.000000,2,2,0,0
HorizontalVertical4,dataset/raw-data/ARC-ALL/data/training/HorizontalVertical4.json,23,22,24,24,0,506,576,1.138340,0.437778,24,24,576,1.138340,24,24,576,1.138340,24,24,576,1.138340,5,5,0,0
HorizontalVertical5,dataset/raw-data/ARC-ALL/data/training/HorizontalVertical5.json,10,10,10,10,0,100,100,1.000000,0.888889,12,12,144,1.440000,16,16,256,2.560000,12,12,144,1.440000,1,1,1,1
HorizontalVertical6,dataset/raw-data/ARC-ALL/data/training/HorizontalVertical6.json,14,14,15,15,0,196,225,1.147959,0.782222,16,16,256,1.306122,16,16,256,1.306122,16,16,256,1.306122,1,1,1,1
HorizontalVertical7,dataset/raw-data/ARC-ALL/data/training/HorizontalVertical7.json,10,10,10,10,0,100,100,1.000000,0.888889,12,12,144,1.440000,16,16,256,2.560000,12,12,144,1.440000,1,1,1,1
HorizontalVertical8,dataset/raw-data/ARC-ALL/data/training/HorizontalVertical8.json,19,18,20,20,0,342,400,1.169591,0.620000,20,20,400,1.169591,24,24,576,1.684211,20,20,400,1.169591,5,5,0,0
HorizontalVertical9,dataset/raw-data/ARC-ALL/data/training/HorizontalVertical9.json,6,6,6,6,0,36,36,1.000000,0.960000,8,8,64,1.777778,8,8,64,1.777778,8,8,64,1.777778,1,1,1,1
HorizontalVerticalMinimal,dataset/raw-data/ARC-ALL/data/training/HorizontalVerticalMinimal.json,10,10,10,10,0,100,100,1.000000,0.888889,12,12,144,1.440000,16,16,256,2.560000,12,12,144,1.440000,2,2,0,0
InsideOutside1,dataset/raw-data/ARC-ALL/data/training/InsideOutside1.json,10,12,10,12,0,120,120,1.000000,0.866667,12,12,144,1.200000,16,16,256,2.133333,12,12,144,1.200000,3,5,0,0
InsideOutside10,dataset/raw-data/ARC-ALL/data/training/InsideOutside10.json,13,12,15,12,0,156,180,1.153846,0.826667,16,12,192,1.230769,16,16,256,1.641026,16,16,256,1.641026,2,2,0,0
InsideOutside2,dataset/raw-data/ARC-ALL/data/training/InsideOutside2.json,10,10,10,10,0,100,100,1.000000,0.888889,12,12,144,1.440000,16,16,256,2.560000,12,12,144,1.440000,1,1,1,1
InsideOutside3,dataset/raw-data/ARC-ALL/data/training/InsideOutside3.json,10,10,10,10,0,100,100,1.000000,0.888889,12,12,144,1.440000,16,16,256,2.560000,12,12,144,1.440000,1,1,1,1
InsideOutside4,dataset/raw-data/ARC-ALL/data/training/InsideOutside4.json,14,14,15,15,0,196,225,1.147959,0.782222,16,16,256,1.306122,16,16,256,1.306122,16,16,256,1.306122,2,2,0,0
InsideOutside5,dataset/raw-data/ARC-ALL/data/training/InsideOutside5.json,25,15,30,15,0,375,450,1.200000,0.583333,28,16,448,1.194667,32,32,1024,2.730667,28,28,784,2.090667,6,6,0,0
InsideOutside6,dataset/raw-data/ARC-ALL/data/training/InsideOutside6.json,16,15,20,15,0,240,300,1.250000,0.733333,16,16,256,1.066667,16,16,256,1.066667,16,16,256,1.066667,3,3,0,0
InsideOutside7,dataset/raw-data/ARC-ALL/data/training/InsideOutside7.json,15,6,15,6,0,90,90,1.000000,0.900000,16,8,128,1.422222,16,16,256,2.844444,16,16,256,2.844444,1,6,1,0
InsideOutside8,dataset/raw-data/ARC-ALL/data/training/InsideOutside8.json,14,13,15,15,0,182,225,1.236264,0.797778,16,16,256,1.406593,16,16,256,1.406593,16,16,256,1.406593,5,5,0,0
InsideOutside9,dataset/raw-data/ARC-ALL/data/training/InsideOutside9.json,17,14,20,15,0,238,300,1.260504,0.735556,20,16,320,1.344538,24,24,576,2.420168,20,20,400,1.680672,5,5,0,0
InsideOutsideMinimal,dataset/raw-data/ARC-ALL/data/training/InsideOutsideMinimal.json,10,10,10,10,0,100,100,1.000000,0.888889,12,12,144,1.440000,16,16,256,2.560000,12,12,144,1.440000,1,1,1,1
MoveToBoundary1,dataset/raw-data/ARC-ALL/data/training/MoveToBoundary1.json,9,9,10,10,0,81,100,1.234568,0.910000,12,12,144,1.777778,16,16,256,3.160494,12,12,144,1.777778,4,4,0,0
MoveToBoundary10,dataset/raw-data/ARC-ALL/data/training/MoveToBoundary10.json,25,9,30,10,0,225,300,1.333333,0.750000,28,12,336,1.493333,32,32,1024,4.551111,28,28,784,3.484444,5,5,0,0
MoveToBoundary2,dataset/raw-data/ARC-ALL/data/training/MoveToBoundary2.json,10,10,10,10,0,100,100,1.000000,0.888889,12,12,144,1.440000,16,16,256,2.560000,12,12,144,1.440000,1,1,1,1
MoveToBoundary3,dataset/raw-data/ARC-ALL/data/training/MoveToBoundary3.json,10,10,10,10,0,100,100,1.000000,0.888889,12,12,144,1.440000,16,16,256,2.560000,12,12,144,1.440000,1,1,1,1
MoveToBoundary4,dataset/raw-data/ARC-ALL/data/training/MoveToBoundary4.json,10,10,10,10,0,100,100,1.000000,0.888889,12,12,144,1.440000,16,16,256,2.560000,12,12,144,1.440000,1,1,1,1
MoveToBoundary5,dataset/raw-data/ARC-ALL/data/training/MoveToBoundary5.json,10,10,10,10,0,100,100,1.000000,0.888889,12,12,144,1.440000,16,16,256,2.560000,12,12,144,1.440000,1,1,1,1
MoveToBoundary6,dataset/raw-data/ARC-ALL/data/training/MoveToBoundary6.json,6,6,6,6,0,36,36,1.000000,0.960000,8,8,64,1.777778,8,8,64,1.777778,8,8,64,1.777778,1,1,1,1
MoveToBoundary7,dataset/raw-data/ARC-ALL/data/training/MoveToBoundary7.json,20,15,20,15,0,300,300,1.000000,0.666667,20,16,320,1.066667,24,24,576,1.920000,20,20,400,1.333333,5,5,0,0
MoveToBoundary8,dataset/raw-data/ARC-ALL/data/training/MoveToBoundary8.json,18,15,20,15,0,270,300,1.111111,0.700000,20,16,320,1.185185,24,24,576,2.133333,20,20,400,1.481481,5,5,0,0
MoveToBoundary9,dataset/raw-data/ARC-ALL/data/training/MoveToBoundary9.json,20,12,20,12,0,240,240,1.000000,0.733333,20,12,240,1.000000,24,24,576,2.400000,20,20,400,1.666667,5,5,0,0
MoveToBoundaryMinimal,dataset/raw-data/ARC-ALL/data/training/MoveToBoundaryMinimal.json,10,10,10,10,0,100,100,1.000000,0.888889,12,12,144,1.440000,16,16,256,2.560000,12,12,144,1.440000,1,1,1,1
Order1,dataset/raw-data/ARC-ALL/data/training/Order1.json,23,15,24,15,0,345,360,1.043478,0.616667,24,16,384,1.113043,24,24,576,1.669565,24,24,576,1.669565,5,5,0,0
Order10,dataset/raw-data/ARC-ALL/data/training/Order10.json,16,16,20,20,0,256,400,1.562500,0.715556,16,16,256,1.000000,16,16,256,1.000000,16,16,256,1.000000,3,3,0,0
Order2,dataset/raw-data/ARC-ALL/data/training/Order2.json,12,10,12,10,0,120,120,1.000000,0.866667,12,12,144,1.200000,16,16,256,2.133333,12,12,144,1.200000,5,5,0,0
Order3,dataset/raw-data/ARC-ALL/data/training/Order3.json,13,6,15,6,0,78,90,1.153846,0.913333,16,8,128,1.641026,16,16,256,3.282051,16,16,256,3.282051,2,2,0,0
Order4,dataset/raw-data/ARC-ALL/data/training/Order4.json,23,8,24,8,0,184,192,1.043478,0.795556,24,8,192,1.043478,24,24,576,3.130435,24,24,576,3.130435,5,5,0,0
Order5,dataset/raw-data/ARC-ALL/data/training/Order5.json,21,6,24,6,0,126,144,1.142857,0.860000,24,8,192,1.523810,24,24,576,4.571429,24,24,576,4.571429,1,1,1,1
Order6,dataset/raw-data/ARC-ALL/data/training/Order6.json,14,20,15,20,0,280,300,1.071429,0.688889,16,20,320,1.142857,24,24,576,2.057143,20,20,400,1.428571,5,5,0,0
Order7,dataset/raw-data/ARC-ALL/data/training/Order7.json,21,6,24,6,0,126,144,1.142857,0.860000,24,8,192,1.523810,24,24,576,4.571429,24,24,576,4.571429,1,1,1,1
Order8,dataset/raw-data/ARC-ALL/data/training/Order8.json,8,14,8,15,0,112,120,1.071429,0.875556,8,16,128,1.142857,16,16,256,2.285714,16,16,256,2.285714,3,3,0,0
Order9,dataset/raw-data/ARC-ALL/data/training/Order9.json,3,18,4,20,0,54,80,1.481481,0.940000,4,20,80,1.481481,24,24,576,10.666667,20,20,400,7.407407,1,1,1,1
OrderMinimal,dataset/raw-data/ARC-ALL/data/training/OrderMinimal.json,6,6,6,6,0,36,36,1.000000,0.960000,8,8,64,1.777778,8,8,64,1.777778,8,8,64,1.777778,1,1,1,1
SameDifferent1,dataset/raw-data/ARC-ALL/data/training/SameDifferent1.json,11,11,12,12,0,121,144,1.190083,0.865556,12,12,144,1.190083,16,16,256,2.115702,12,12,144,1.190083,4,4,0,0
SameDifferent10,dataset/raw-data/ARC-ALL/data/training/SameDifferent10.json,21,7,24,8,0,147,192,1.306122,0.836667,24,8,192,1.306122,24,24,576,3.918367,24,24,576,3.918367,4,4,0,0
SameDifferent2,dataset/raw-data/ARC-ALL/data/training/SameDifferent2.json,15,15,15,15,0,225,225,1.000000,0.750000,16,16,256,1.137778,16,16,256,1.137778,16,16,256,1.137778,5,5,0,0
SameDifferent3,dataset/raw-data/ARC-ALL/data/training/SameDifferent3.json,12,12,12,12,0,144,144,1.000000,0.840000,12,12,144,1.000000,16,16,256,1.777778,12,12,144,1.000000,5,5,0,0
SameDifferent4,dataset/raw-data/ARC-ALL/data/training/SameDifferent4.json,10,10,10,10,0,100,100,1.000000,0.888889,12,12,144,1.440000,16,16,256,2.560000,12,12,144,1.440000,1,1,1,1
SameDifferent5,dataset/raw-data/ARC-ALL/data/training/SameDifferent5.json,14,14,15,15,0,196,225,1.147959,0.782222,16,16,256,1.306122,16,16,256,1.306122,16,16,256,1.306122,4,1,0,1
SameDifferent6,dataset/raw-data/ARC-ALL/data/training/SameDifferent6.json,14,14,15,15,0,196,225,1.147959,0.782222,16,16,256,1.306122,16,16,256,1.306122,16,16,256,1.306122,4,4,0,0
SameDifferent7,dataset/raw-data/ARC-ALL/data/training/SameDifferent7.json,15,15,15,15,0,225,225,1.000000,0.750000,16,16,256,1.137778,16,16,256,1.137778,16,16,256,1.137778,3,3,0,0
SameDifferent8,dataset/raw-data/ARC-ALL/data/training/SameDifferent8.json,15,13,15,15,0,195,225,1.153846,0.783333,16,16,256,1.312821,16,16,256,1.312821,16,16,256,1.312821,6,5,0,0
SameDifferent9,dataset/raw-data/ARC-ALL/data/training/SameDifferent9.json,12,12,12,12,0,144,144,1.000000,0.840000,12,12,144,1.000000,16,16,256,1.777778,12,12,144,1.000000,2,2,0,0
SameDifferentMinimal,dataset/raw-data/ARC-ALL/data/training/SameDifferentMinimal.json,10,10,10,10,0,100,100,1.000000,0.888889,12,12,144,1.440000,16,16,256,2.560000,12,12,144,1.440000,1,1,1,1
TopBottom2D1,dataset/raw-data/ARC-ALL/data/training/TopBottom2D1.json,10,10,10,10,0,100,100,1.000000,0.888889,12,12,144,1.440000,16,16,256,2.560000,12,12,144,1.440000,5,5,0,0
TopBottom2D10,dataset/raw-data/ARC-ALL/data/training/TopBottom2D10.json,10,12,10,12,0,120,120,1.000000,0.866667,12,12,144,1.200000,16,16,256,2.133333,12,12,144,1.200000,4,4,0,0
TopBottom2D2,dataset/raw-data/ARC-ALL/data/training/TopBottom2D2.json,10,11,10,12,0,110,120,1.090909,0.877778,12,12,144,1.309091,16,16,256,2.327273,12,12,144,1.309091,4,6,0,0
TopBottom2D3,dataset/raw-data/ARC-ALL/data/training/TopBottom2D3.json,12,15,12,15,0,180,180,1.000000,0.800000,12,16,192,1.066667,16,16,256,1.422222,16,16,256,1.422222,5,5,0,0
TopBottom2D4,dataset/raw-data/ARC-ALL/data/training/TopBottom2D4.json,12,16,12,20,0,192,240,1.250000,0.786667,12,16,192,1.000000,16,16,256,1.333333,16,16,256,1.333333,6,6,0,0
TopBottom2D5,dataset/raw-data/ARC-ALL/data/training/TopBottom2D5.json,10,10,10,10,0,100,100,1.000000,0.888889,12,12,144,1.440000,16,16,256,2.560000,12,12,144,1.440000,2,2,0,0
TopBottom2D6,dataset/raw-data/ARC-ALL/data/training/TopBottom2D6.json,10,10,10,10,0,100,100,1.000000,0.888889,12,12,144,1.440000,16,16,256,2.560000,12,12,144,1.440000,5,6,0,0
TopBottom2D7,dataset/raw-data/ARC-ALL/data/training/TopBottom2D7.json,10,10,10,10,0,100,100,1.000000,0.888889,12,12,144,1.440000,16,16,256,2.560000,12,12,144,1.440000,2,7,0,0
TopBottom2D8,dataset/raw-data/ARC-ALL/data/training/TopBottom2D8.json,10,10,10,10,0,100,100,1.000000,0.888889,12,12,144,1.440000,16,16,256,2.560000,12,12,144,1.440000,1,1,1,1
TopBottom2D9,dataset/raw-data/ARC-ALL/data/training/TopBottom2D9.json,6,6,6,6,0,36,36,1.000000,0.960000,8,8,64,1.777778,8,8,64,1.777778,8,8,64,1.777778,1,1,1,1
TopBottom2DMinimal,dataset/raw-data/ARC-ALL/data/training/TopBottom2DMinimal.json,6,6,6,6,0,36,36,1.000000,0.960000,8,8,64,1.777778,8,8,64,1.777778,8,8,64,1.777778,1,1,1,1
TopBottom3D1,dataset/raw-data/ARC-ALL/data/training/TopBottom3D1.json,10,10,10,10,0,100,100,1.000000,0.888889,12,12,144,1.440000,16,16,256,2.560000,12,12,144,1.440000,2,2,0,0
TopBottom3D10,dataset/raw-data/ARC-ALL/data/training/TopBottom3D10.json,17,16,20,20,0,272,400,1.470588,0.697778,20,16,320,1.176471,24,24,576,2.117647,20,20,400,1.470588,5,5,0,0
TopBottom3D2,dataset/raw-data/ARC-ALL/data/training/TopBottom3D2.json,10,9,10,10,0,90,100,1.111111,0.900000,12,12,144,1.600000,16,16,256,2.844444,12,12,144,1.600000,3,3,0,0
TopBottom3D3,dataset/raw-data/ARC-ALL/data/training/TopBottom3D3.json,10,10,10,10,0,100,100,1.000000,0.888889,12,12,144,1.440000,16,16,256,2.560000,12,12,144,1.440000,3,3,0,0
TopBottom3D4,dataset/raw-data/ARC-ALL/data/training/TopBottom3D4.json,10,10,10,10,0,100,100,1.000000,0.888889,12,12,144,1.440000,16,16,256,2.560000,12,12,144,1.440000,2,2,0,0
TopBottom3D5,dataset/raw-data/ARC-ALL/data/training/TopBottom3D5.json,15,13,15,15,0,195,225,1.153846,0.783333,16,16,256,1.312821,16,16,256,1.312821,16,16,256,1.312821,6,5,0,0
TopBottom3D6,dataset/raw-data/ARC-ALL/data/training/TopBottom3D6.json,6,6,6,6,0,36,36,1.000000,0.960000,8,8,64,1.777778,8,8,64,1.777778,8,8,64,1.777778,2,5,0,0
TopBottom3D7,dataset/raw-data/ARC-ALL/data/training/TopBottom3D7.json,8,13,8,15,0,104,120,1.153846,0.884444,8,16,128,1.230769,16,16,256,2.461538,16,16,256,2.461538,1,1,1,1
TopBottom3D8,dataset/raw-data/ARC-ALL/data/training/TopBottom3D8.json,6,6,6,6,0,36,36,1.000000,0.960000,8,8,64,1.777778,8,8,64,1.777778,8,8,64,1.777778,1,1,1,1
TopBottom3D9,dataset/raw-data/ARC-ALL/data/training/TopBottom3D9.json,14,14,15,15,0,196,225,1.147959,0.782222,16,16,256,1.306122,16,16,256,1.306122,16,16,256,1.306122,6,6,0,0
TopBottom3DMinimal,dataset/raw-data/ARC-ALL/data/training/TopBottom3DMinimal.json,8,8,8,8,0,64,64,1.000000,0.928889,8,8,64,1.000000,8,8,64,1.000000,8,8,64,1.000000,1,1,1,1
a04b2602,dataset/raw-data/ARC-ALL/data/training/a04b2602.json,27,20,30,20,0,540,600,1.111111,0.400000,28,20,560,1.037037,32,32,1024,1.896296,28,28,784,1.451852,3,3,0,0
a096bf4d,dataset/raw-data/ARC-ALL/data/training/a096bf4d.json,26,26,30,30,0,676,900,1.331361,0.248889,28,28,784,1.159763,32,32,1024,1.514793,28,28,784,1.159763,4,4,0,0
a09f6c25,dataset/raw-data/ARC-ALL/data/training/a09f6c25.json,27,28,30,30,0,756,900,1.190476,0.160000,28,28,784,1.037037,32,32,1024,1.354497,28,28,784,1.037037,4,4,0,0
a1570a43,dataset/raw-data/ARC-ALL/data/training/a1570a43.json,10,10,10,10,0,100,100,1.000000,0.888889,12,12,144,1.440000,16,16,256,2.560000,12,12,144,1.440000,5,5,0,0
a1aa0c1e,dataset/raw-data/ARC-ALL/data/training/a1aa0c1e.json,21,21,24,24,0,441,576,1.306122,0.510000,24,24,576,1.306122,24,24,576,1.306122,24,24,576,1.306122,1,1,1,1
a2d730bd,dataset/raw-data/ARC-ALL/data/training/a2d730bd.json,30,30,30,30,0,900,900,1.000000,0.000000,32,32,1024,1.137778,32,32,1024,1.137778,32,32,1024,1.137778,3,3,0,0
a2fd1cf0,dataset/raw-data/ARC-ALL/data/training/a2fd1cf0.json,16,15,20,15,0,240,300,1.250000,0.733333,16,16,256,1.066667,16,16,256,1.066667,16,16,256,1.066667,3,3,0,0
a3325580,dataset/raw-data/ARC-ALL/data/training/a3325580.json,10,10,10,10,0,100,100,1.000000,0.888889,12,12,144,1.440000,16,16,256,2.560000,12,12,144,1.440000,1,7,1,0
a3df8b1e,dataset/raw-data/ARC-ALL/data/training/a3df8b1e.json,5,10,6,10,0,50,60,1.200000,0.944444,8,12,96,1.920000,16,16,256,5.120000,12,12,144,2.880000,4,4,0,0
a3f84088,dataset/raw-data/ARC-ALL/data/training/a3f84088.json,30,30,30,30,0,900,900,1.000000,0.000000,32,32,1024,1.137778,32,32,1024,1.137778,32,32,1024,1.137778,5,5,0,0
a406ac07,dataset/raw-data/ARC-ALL/data/training/a406ac07.json,10,10,10,10,0,100,100,1.000000,0.888889,12,12,144,1.440000,16,16,256,2.560000,12,12,144,1.440000,1,1,1,1
a416b8f3,dataset/raw-data/ARC-ALL/data/training/a416b8f3.json,8,5,8,6,0,40,48,1.200000,0.955556,8,8,64,1.600000,8,8,64,1.600000,8,8,64,1.600000,4,4,0,0
a416fc5b,dataset/raw-data/ARC-ALL/data/training/a416fc5b.json,16,16,20,20,0,256,400,1.562500,0.715556,16,16,256,1.000000,16,16,256,1.000000,16,16,256,1.000000,1,2,1,0
a48eeaf7,dataset/raw-data/ARC-ALL/data/training/a48eeaf7.json,10,10,10,10,0,100,100,1.000000,0.888889,12,12,144,1.440000,16,16,256,2.560000,12,12,144,1.440000,1,1,1,1
a5313dff,dataset/raw-data/ARC-ALL/data/training/a5313dff.json,12,12,12,12,0,144,144,1.000000,0.840000,12,12,144,1.000000,16,16,256,1.777778,12,12,144,1.000000,3,3,0,0
a57f2f04,dataset/raw-data/ARC-ALL/data/training/a57f2f04.json,22,26,24,30,0,572,720,1.258741,0.364444,24,28,672,1.174825,32,32,1024,1.790210,28,28,784,1.370629,4,4,0,0
a59b95c0,dataset/raw-data/ARC-ALL/data/training/a59b95c0.json,12,12,12,12,0,144,144,1.000000,0.840000,12,12,144,1.000000,16,16,256,1.777778,12,12,144,1.000000,1,3,1,0
a5f85a15,dataset/raw-data/ARC-ALL/data/training/a5f85a15.json,12,12,12,12,0,144,144,1.000000,0.840000,12,12,144,1.000000,16,16,256,1.777778,12,12,144,1.000000,4,4,0,0
a61ba2ce,dataset/raw-data/ARC-ALL/data/training/a61ba2ce.json,13,13,15,15,0,169,225,1.331361,0.812222,16,16,256,1.514793,16,16,256,1.514793,16,16,256,1.514793,1,1,1,1
a61f2674,dataset/raw-data/ARC-ALL/data/training/a61f2674.json,9,9,10,10,0,81,100,1.234568,0.910000,12,12,144,1.777778,16,16,256,3.160494,12,12,144,1.777778,1,1,1,1
a644e277,dataset/raw-data/ARC-ALL/data/training/a644e277.json,22,19,24,20,0,418,480,1.148325,0.535556,24,20,480,1.148325,24,24,576,1.377990,24,24,576,1.377990,3,3,0,0
a64e4611,dataset/raw-data/ARC-ALL/data/training/a64e4611.json,30,30,30,30,0,900,900,1.000000,0.000000,32,32,1024,1.137778,32,32,1024,1.137778,32,32,1024,1.137778,1,1,1,1
a65b410d,dataset/raw-data/ARC-ALL/data/training/a65b410d.json,9,9,10,10,0,81,100,1.234568,0.910000,12,12,144,1.777778,16,16,256,3.160494,12,12,144,1.777778,4,4,0,0
a680ac02,dataset/raw-data/ARC-ALL/data/training/a680ac02.json,22,24,24,24,0,528,576,1.090909,0.413333,24,24,576,1.090909,24,24,576,1.090909,24,24,576,1.090909,4,4,0,0
a68b268e,dataset/raw-data/ARC-ALL/data/training/a68b268e.json,9,9,10,10,0,81,100,1.234568,0.910000,12,12,144,1.777778,16,16,256,3.160494,12,12,144,1.777778,1,1,1,1
a6953f00,dataset/raw-data/ARC-ALL/data/training/a6953f00.json,8,8,8,8,0,64,64,1.000000,0.928889,8,8,64,1.000000,8,8,64,1.000000,8,8,64,1.000000,4,1,0,1
a699fb00,dataset/raw-data/ARC-ALL/data/training/a699fb00.json,10,10,10,10,0,100,100,1.000000,0.888889,12,12,144,1.440000,16,16,256,2.560000,12,12,144,1.440000,2,2,0,0
a740d043,dataset/raw-data/ARC-ALL/data/training/a740d043.json,7,7,8,8,0,49,64,1.306122,0.945556,8,8,64,1.306122,8,8,64,1.306122,8,8,64,1.306122,4,4,0,0
a78176bb,dataset/raw-data/ARC-ALL/data/training/a78176bb.json,10,10,10,10,0,100,100,1.000000,0.888889,12,12,144,1.440000,16,16,256,2.560000,12,12,144,1.440000,1,1,1,1
a79310a0,dataset/raw-data/ARC-ALL/data/training/a79310a0.json,5,5,6,6,0,25,36,1.440000,0.972222,8,8,64,2.560000,8,8,64,2.560000,8,8,64,2.560000,2,2,0,0
a834deea,dataset/raw-data/ARC-ALL/data/training/a834deea.json,16,16,20,20,0,256,400,1.562500,0.715556,16,16,256,1.000000,16,16,256,1.000000,16,16,256,1.000000,4,4,0,0
a85d4709,dataset/raw-data/ARC-ALL/data/training/a85d4709.json,3,3,4,4,0,9,16,1.777778,0.990000,4,4,16,1.777778,8,8,64,7.111111,4,4,16,1.777778,1,1,1,1
a8610ef7,dataset/raw-data/ARC-ALL/data/training/a8610ef7.json,6,6,6,6,0,36,36,1.000000,0.960000,8,8,64,1.777778,8,8,64,1.777778,8,8,64,1.777778,1,1,1,1
a87f7484,dataset/raw-data/ARC-ALL/data/training/a87f7484.json,15,15,15,15,0,225,225,1.000000,0.750000,16,16,256,1.137778,16,16,256,1.137778,16,16,256,1.137778,5,1,0,1
a8c38be5,dataset/raw-data/ARC-ALL/data/training/a8c38be5.json,15,16,15,20,0,240,300,1.250000,0.733333,16,16,256,1.066667,16,16,256,1.066667,16,16,256,1.066667,3,1,0,1
a8d7556c,dataset/raw-data/ARC-ALL/data/training/a8d7556c.json,18,18,20,20,0,324,400,1.234568,0.640000,20,20,400,1.234568,24,24,576,1.777778,20,20,400,1.234568,1,1,1,1
a934301b,dataset/raw-data/ARC-ALL/data/training/a934301b.json,15,14,15,15,0,210,225,1.071429,0.766667,16,16,256,1.219048,16,16,256,1.219048,16,16,256,1.219048,3,3,0,0
a9f96cdd,dataset/raw-data/ARC-ALL/data/training/a9f96cdd.json,5,3,6,4,0,15,24,1.600000,0.983333,8,4,32,2.133333,8,8,64,4.266667,8,8,64,4.266667,1,1,1,1
aa18de87,dataset/raw-data/ARC-ALL/data/training/aa18de87.json,12,5,12,6,0,60,72,1.200000,0.933333,12,8,96,1.600000,16,16,256,4.266667,12,12,144,2.400000,5,5,0,0
aa300dc3,dataset/raw-data/ARC-ALL/data/training/aa300dc3.json,10,10,10,10,0,100,100,1.000000,0.888889,12,12,144,1.440000,16,16,256,2.560000,12,12,144,1.440000,1,1,1,1
aa62e3f4,dataset/raw-data/ARC-ALL/data/training/aa62e3f4.json,16,16,20,20,0,256,400,1.562500,0.715556,16,16,256,1.000000,16,16,256,1.000000,16,16,256,1.000000,3,3,0,0
aab50785,dataset/raw-data/ARC-ALL/data/training/aab50785.json,17,15,20,15,0,255,300,1.176471,0.716667,20,16,320,1.254902,24,24,576,2.258824,20,20,400,1.568627,6,6,0,0
aabf363d,dataset/raw-data/ARC-ALL/data/training/aabf363d.json,7,7,8,8,0,49,64,1.306122,0.945556,8,8,64,1.306122,8,8,64,1.306122,8,8,64,1.306122,1,1,1,1
aaecdb9a,dataset/raw-data/ARC-ALL/data/training/aaecdb9a.json,10,10,10,10,0,100,100,1.000000,0.888889,12,12,144,1.440000,16,16,256,2.560000,12,12,144,1.440000,1,4,1,0
aaef0977,dataset/raw-data/ARC-ALL/data/training/aaef0977.json,8,8,8,8,0,64,64,1.000000,0.928889,8,8,64,1.000000,8,8,64,1.000000,8,8,64,1.000000,1,1,1,1
aba27056,dataset/raw-data/ARC-ALL/data/training/aba27056.json,10,10,10,10,0,100,100,1.000000,0.888889,12,12,144,1.440000,16,16,256,2.560000,12,12,144,1.440000,4,4,0,0
abbfd121,dataset/raw-data/ARC-ALL/data/training/abbfd121.json,22,23,24,24,0,506,576,1.138340,0.437778,24,24,576,1.138340,24,24,576,1.138340,24,24,576,1.138340,4,4,0,0
ac0a08a4,dataset/raw-data/ARC-ALL/data/training/ac0a08a4.json,15,15,15,15,0,225,225,1.000000,0.750000,16,16,256,1.137778,16,16,256,1.137778,16,16,256,1.137778,1,4,1,0
ac0c2ac3,dataset/raw-data/ARC-ALL/data/training/ac0c2ac3.json,13,13,15,15,0,169,225,1.331361,0.812222,16,16,256,1.514793,16,16,256,1.514793,16,16,256,1.514793,4,4,0,0
ac0c5833,dataset/raw-data/ARC-ALL/data/training/ac0c5833.json,30,30,30,30,0,900,900,1.000000,0.000000,32,32,1024,1.137778,32,32,1024,1.137778,32,32,1024,1.137778,4,4,0,0
ac2e8ecf,dataset/raw-data/ARC-ALL/data/training/ac2e8ecf.json,17,16,20,20,0,272,400,1.470588,0.697778,20,16,320,1.176471,24,24,576,2.117647,20,20,400,1.470588,4,4,0,0
ac3e2b04,dataset/raw-data/ARC-ALL/data/training/ac3e2b04.json,18,16,20,20,0,288,400,1.388889,0.680000,20,16,320,1.111111,24,24,576,2.000000,20,20,400,1.388889,5,5,0,0
ac605cbb,dataset/raw-data/ARC-ALL/data/training/ac605cbb.json,11,11,12,12,0,121,144,1.190083,0.865556,12,12,144,1.190083,16,16,256,2.115702,12,12,144,1.190083,3,3,0,0
ac6f9922,dataset/raw-data/ARC-ALL/data/training/ac6f9922.json,19,19,20,20,0,361,400,1.108033,0.598889,20,20,400,1.108033,24,24,576,1.595568,20,20,400,1.108033,3,3,0,0
ad173014,dataset/raw-data/ARC-ALL/data/training/ad173014.json,27,27,30,30,0,729,900,1.234568,0.190000,28,28,784,1.075446,32,32,1024,1.404664,28,28,784,1.075446,4,4,0,0
ad38a9d0,dataset/raw-data/ARC-ALL/data/training/ad38a9d0.json,9,9,10,10,0,81,100,1.234568,0.910000,12,12,144,1.777778,16,16,256,3.160494,12,12,144,1.777778,1,1,1,1
ad3b40cf,dataset/raw-data/ARC-ALL/data/training/ad3b40cf.json,17,17,20,20,0,289,400,1.384083,0.678889,20,20,400,1.384083,24,24,576,1.993080,20,20,400,1.384083,4,4,0,0
ad7e01d0,dataset/raw-data/ARC-ALL/data/training/ad7e01d0.json,25,25,30,30,0,625,900,1.440000,0.305556,28,28,784,1.254400,32,32,1024,1.638400,28,28,784,1.254400,3,3,0,0
ae3edfdc,dataset/raw-data/ARC-ALL/data/training/ae3edfdc.json,15,15,15,15,0,225,225,1.000000,0.750000,16,16,256,1.137778,16,16,256,1.137778,16,16,256,1.137778,1,1,1,1
ae4f1146,dataset/raw-data/ARC-ALL/data/training/ae4f1146.json,9,9,10,10,0,81,100,1.234568,0.910000,12,12,144,1.777778,16,16,256,3.160494,12,12,144,1.777778,1,1,1,1
ae58858e,dataset/raw-data/ARC-ALL/data/training/ae58858e.json,12,10,12,10,0,120,120,1.000000,0.866667,12,12,144,1.200000,16,16,256,2.133333,12,12,144,1.200000,5,5,0,0
aedd82e4,dataset/raw-data/ARC-ALL/data/training/aedd82e4.json,4,5,4,6,0,20,24,1.200000,0.977778,4,8,32,1.600000,8,8,64,3.200000,8,8,64,3.200000,3,3,0,0
aee291af,dataset/raw-data/ARC-ALL/data/training/aee291af.json,18,18,20,20,0,324,400,1.234568,0.640000,20,20,400,1.234568,24,24,576,1.777778,20,20,400,1.234568,2,2,0,0
af24b4cc,dataset/raw-data/ARC-ALL/data/training/af24b4cc.json,10,9,10,10,0,90,100,1.111111,0.900000,12,12,144,1.600000,16,16,256,2.844444,12,12,144,1.600000,1,1,1,1
af726779,dataset/raw-data/ARC-ALL/data/training/af726779.json,24,21,24,24,0,504,576,1.142857,0.440000,24,24,576,1.142857,24,24,576,1.142857,24,24,576,1.142857,6,6,0,0
af902bf9,dataset/raw-data/ARC-ALL/data/training/af902bf9.json,10,10,10,10,0,100,100,1.000000,0.888889,12,12,144,1.440000,16,16,256,2.560000,12,12,144,1.440000,1,1,1,1
afe3afe9,dataset/raw-data/ARC-ALL/data/training/afe3afe9.json,30,30,30,30,0,900,900,1.000000,0.000000,32,32,1024,1.137778,32,32,1024,1.137778,32,32,1024,1.137778,1,2,1,0
b0722778,dataset/raw-data/ARC-ALL/data/training/b0722778.json,9,11,10,12,0,99,120,1.212121,0.890000,12,12,144,1.454545,16,16,256,2.585859,12,12,144,1.454545,2,2,0,0
b0c4d837,dataset/raw-data/ARC-ALL/data/training/b0c4d837.json,9,9,10,10,0,81,100,1.234568,0.910000,12,12,144,1.777778,16,16,256,3.160494,12,12,144,1.777778,4,1,0,1
b0f4d537,dataset/raw-data/ARC-ALL/data/training/b0f4d537.json,15,12,15,12,0,180,180,1.000000,0.800000,16,12,192,1.066667,16,16,256,1.422222,16,16,256,1.422222,5,4,0,0
b15fca0b,dataset/raw-data/ARC-ALL/data/training/b15fca0b.json,10,10,10,10,0,100,100,1.000000,0.888889,12,12,144,1.440000,16,16,256,2.560000,12,12,144,1.440000,3,3,0,0
b190f7f5,dataset/raw-data/ARC-ALL/data/training/b190f7f5.json,16,16,20,20,0,256,400,1.562500,0.715556,16,16,256,1.000000,16,16,256,1.000000,16,16,256,1.000000,3,2,0,0
b1948b0a,dataset/raw-data/ARC-ALL/data/training/b1948b0a.json,6,6,6,6,0,36,36,1.000000,0.960000,8,8,64,1.777778,8,8,64,1.777778,8,8,64,1.777778,4,4,0,0
b1986d4b,dataset/raw-data/ARC-ALL/data/training/b1986d4b.json,30,28,30,30,0,840,900,1.071429,0.066667,32,28,896,1.066667,32,32,1024,1.219048,32,32,1024,1.219048,2,4,0,0
b1fc8b8e,dataset/raw-data/ARC-ALL/data/training/b1fc8b8e.json,6,6,6,6,0,36,36,1.000000,0.960000,8,8,64,1.777778,8,8,64,1.777778,8,8,64,1.777778,1,1,1,1
b20f7c8b,dataset/raw-data/ARC-ALL/data/training/b20f7c8b.json,22,18,24,20,0,396,480,1.212121,0.560000,24,20,480,1.212121,24,24,576,1.454545,24,24,576,1.454545,1,1,1,1
b230c067,dataset/raw-data/ARC-ALL/data/training/b230c067.json,10,10,10,10,0,100,100,1.000000,0.888889,12,12,144,1.440000,16,16,256,2.560000,12,12,144,1.440000,1,1,1,1
b25e450b,dataset/raw-data/ARC-ALL/data/training/b25e450b.json,14,18,15,20,0,252,300,1.190476,0.720000,16,20,320,1.269841,24,24,576,2.285714,20,20,400,1.587302,4,4,0,0
b27ca6d3,dataset/raw-data/ARC-ALL/data/training/b27ca6d3.json,18,17,20,20,0,306,400,1.307190,0.660000,20,20,400,1.307190,24,24,576,1.882353,20,20,400,1.307190,3,3,0,0
b2862040,dataset/raw-data/ARC-ALL/data/training/b2862040.json,15,16,15,20,0,240,300,1.250000,0.733333,16,16,256,1.066667,16,16,256,1.066667,16,16,256,1.066667,5,5,0,0
b2bc3ffd,dataset/raw-data/ARC-ALL/data/training/b2bc3ffd.json,8,8,8,8,0,64,64,1.000000,0.928889,8,8,64,1.000000,8,8,64,1.000000,8,8,64,1.000000,1,1,1,1
b457fec5,dataset/raw-data/ARC-ALL/data/training/b457fec5.json,23,27,24,30,0,621,720,1.159420,0.310000,24,28,672,1.082126,32,32,1024,1.648953,28,28,784,1.262480,4,4,0,0
b4a43f3b,dataset/raw-data/ARC-ALL/data/training/b4a43f3b.json,18,18,20,20,0,324,400,1.234568,0.640000,20,20,400,1.234568,24,24,576,1.777778,20,20,400,1.234568,1,1,1,1
b527c5c6,dataset/raw-data/ARC-ALL/data/training/b527c5c6.json,20,20,20,20,0,400,400,1.000000,0.555556,20,20,400,1.000000,24,24,576,1.440000,20,20,400,1.000000,2,2,0,0
b548a754,dataset/raw-data/ARC-ALL/data/training/b548a754.json,13,13,15,15,0,169,225,1.331361,0.812222,16,16,256,1.514793,16,16,256,1.514793,16,16,256,1.514793,3,3,0,0
b5bb5719,dataset/raw-data/ARC-ALL/data/training/b5bb5719.json,12,6,12,6,0,72,72,1.000000,0.920000,12,8,96,1.333333,16,16,256,3.555556,12,12,144,2.000000,4,4,0,0
b60334d2,dataset/raw-data/ARC-ALL/data/training/b60334d2.json,9,9,10,10,0,81,100,1.234568,0.910000,12,12,144,1.777778,16,16,256,3.160494,12,12,144,1.777778,1,1,1,1
b6afb2da,dataset/raw-data/ARC-ALL/data/training/b6afb2da.json,10,10,10,10,0,100,100,1.000000,0.888889,12,12,144,1.440000,16,16,256,2.560000,12,12,144,1.440000,1,1,1,1
b71a7747,dataset/raw-data/ARC-ALL/data/training/b71a7747.json,28,28,30,30,0,784,900,1.147959,0.128889,28,28,784,1.000000,32,32,1024,1.306122,28,28,784,1.000000,3,3,0,0
b7249182,dataset/raw-data/ARC-ALL/data/training/b7249182.json,18,19,20,20,0,342,400,1.169591,0.620000,20,20,400,1.169591,24,24,576,1.684211,20,20,400,1.169591,4,4,0,0
b7256dcd,dataset/raw-data/ARC-ALL/data/training/b7256dcd.json,7,7,8,8,0,49,64,1.306122,0.945556,8,8,64,1.306122,8,8,64,1.306122,8,8,64,1.306122,3,3,0,0
b745798f,dataset/raw-data/ARC-ALL/data/training/b745798f.json,15,15,15,15,0,225,225,1.000000,0.750000,16,16,256,1.137778,16,16,256,1.137778,16,16,256,1.137778,4,4,0,0
b74ca5d1,dataset/raw-data/ARC-ALL/data/training/b74ca5d1.json,30,30,30,30,0,900,900,1.000000,0.000000,32,32,1024,1.137778,32,32,1024,1.137778,32,32,1024,1.137778,1,1,1,1
b775ac94,dataset/raw-data/ARC-ALL/data/training/b775ac94.json,30,30,30,30,0,900,900,1.000000,0.000000,32,32,1024,1.137778,32,32,1024,1.137778,32,32,1024,1.137778,4,4,0,0
b782dc8a,dataset/raw-data/ARC-ALL/data/training/b782dc8a.json,24,15,24,15,0,360,360,1.000000,0.600000,24,16,384,1.066667,24,24,576,1.600000,24,24,576,1.600000,3,3,0,0
b7955b3c,dataset/raw-data/ARC-ALL/data/training/b7955b3c.json,22,26,24,30,0,572,720,1.258741,0.364444,24,28,672,1.174825,32,32,1024,1.790210,28,28,784,1.370629,5,5,0,0
b7999b51,dataset/raw-data/ARC-ALL/data/training/b7999b51.json,18,19,20,20,0,342,400,1.169591,0.620000,20,20,400,1.169591,24,24,576,1.684211,20,20,400,1.169591,3,4,0,0
b7cb93ac,dataset/raw-data/ARC-ALL/data/training/b7cb93ac.json,13,10,15,10,0,130,150,1.153846,0.855556,16,12,192,1.476923,16,16,256,1.969231,16,16,256,1.969231,4,1,0,1
b7f8a4d8,dataset/raw-data/ARC-ALL/data/training/b7f8a4d8.json,30,30,30,30,0,900,900,1.000000,0.000000,32,32,1024,1.137778,32,32,1024,1.137778,32,32,1024,1.137778,4,4,0,0
b7fb29bc,dataset/raw-data/ARC-ALL/data/training/b7fb29bc.json,15,15,15,15,0,225,225,1.000000,0.750000,16,16,256,1.137778,16,16,256,1.137778,16,16,256,1.137778,1,1,1,1
b8825c91,dataset/raw-data/ARC-ALL/data/training/b8825c91.json,16,16,20,20,0,256,400,1.562500,0.715556,16,16,256,1.000000,16,16,256,1.000000,16,16,256,1.000000,1,1,1,1
b8cdaf2b,dataset/raw-data/ARC-ALL/data/training/b8cdaf2b.json,9,9,10,10,0,81,100,1.234568,0.910000,12,12,144,1.777778,16,16,256,3.160494,12,12,144,1.777778,4,4,0,0
b91ae062,dataset/raw-data/ARC-ALL/data/training/b91ae062.json,12,12,12,12,0,144,144,1.000000,0.840000,12,12,144,1.000000,16,16,256,1.777778,12,12,144,1.000000,1,3,1,0
b942fd60,dataset/raw-data/ARC-ALL/data/training/b942fd60.json,12,12,12,12,0,144,144,1.000000,0.840000,12,12,144,1.000000,16,16,256,1.777778,12,12,144,1.000000,7,7,0,0
b94a9452,dataset/raw-data/ARC-ALL/data/training/b94a9452.json,13,14,15,15,0,182,225,1.236264,0.797778,16,16,256,1.406593,16,16,256,1.406593,16,16,256,1.406593,3,4,0,0
b9630600,dataset/raw-data/ARC-ALL/data/training/b9630600.json,30,30,30,30,0,900,900,1.000000,0.000000,32,32,1024,1.137778,32,32,1024,1.137778,32,32,1024,1.137778,1,1,1,1
b9b7f026,dataset/raw-data/ARC-ALL/data/training/b9b7f026.json,17,16,20,20,0,272,400,1.470588,0.697778,20,16,320,1.176471,24,24,576,2.117647,20,20,400,1.470588,4,1,0,1
ba1aa698,dataset/raw-data/ARC-ALL/data/training/ba1aa698.json,25,16,30,20,0,400,600,1.500000,0.555556,28,16,448,1.120000,32,32,1024,2.560000,28,28,784,1.960000,4,2,0,0
ba26e723,dataset/raw-data/ARC-ALL/data/training/ba26e723.json,17,3,20,4,0,51,80,1.568627,0.943333,20,4,80,1.568627,24,24,576,11.294118,20,20,400,7.843137,5,5,0,0
ba97ae07,dataset/raw-data/ARC-ALL/data/training/ba97ae07.json,13,13,15,15,0,169,225,1.331361,0.812222,16,16,256,1.514793,16,16,256,1.514793,16,16,256,1.514793,5,5,0,0
ba9d41b8,dataset/raw-data/ARC-ALL/data/training/ba9d41b8.json,19,19,20,20,0,361,400,1.108033,0.598889,20,20,400,1.108033,24,24,576,1.595568,20,20,400,1.108033,4,4,0,0
bae5c565,dataset/raw-data/ARC-ALL/data/training/bae5c565.json,13,13,15,15,0,169,225,1.331361,0.812222,16,16,256,1.514793,16,16,256,1.514793,16,16,256,1.514793,3,3,0,0
baf41dbf,dataset/raw-data/ARC-ALL/data/training/baf41dbf.json,17,16,20,20,0,272,400,1.470588,0.697778,20,16,320,1.176471,24,24,576,2.117647,20,20,400,1.470588,4,4,0,0
bb43febb,dataset/raw-data/ARC-ALL/data/training/bb43febb.json,10,10,10,10,0,100,100,1.000000,0.888889,12,12,144,1.440000,16,16,256,2.560000,12,12,144,1.440000,1,1,1,1
bb52a14b,dataset/raw-data/ARC-ALL/data/training/bb52a14b.json,22,22,24,24,0,484,576,1.190083,0.462222,24,24,576,1.190083,24,24,576,1.190083,24,24,576,1.190083,1,1,1,1
bbb1b8b6,dataset/raw-data/ARC-ALL/data/training/bbb1b8b6.json,9,4,10,4,0,36,40,1.111111,0.960000,12,4,48,1.333333,16,16,256,7.111111,12,12,144,4.000000,1,1,1,1
bbc9ae5d,dataset/raw-data/ARC-ALL/data/training/bbc9ae5d.json,12,6,12,6,0,72,72,1.000000,0.920000,12,8,96,1.333333,16,16,256,3.555556,12,12,144,2.000000,4,4,0,0
bc1d5164,dataset/raw-data/ARC-ALL/data/training/bc1d5164.json,7,5,8,6,0,35,48,1.371429,0.961111,8,8,64,1.828571,8,8,64,1.828571,8,8,64,1.828571,1,1,1,1
bc4146bd,dataset/raw-data/ARC-ALL/data/training/bc4146bd.json,20,4,20,4,0,80,80,1.000000,0.911111,20,4,80,1.000000,24,24,576,7.200000,20,20,400,5.000000,1,1,1,1
bc93ec48,dataset/raw-data/ARC-ALL/data/training/bc93ec48.json,16,16,20,20,0,256,400,1.562500,0.715556,16,16,256,1.000000,16,16,256,1.000000,16,16,256,1.000000,3,3,0,0
bcb3040b,dataset/raw-data/ARC-ALL/data/training/bcb3040b.json,18,18,20,20,0,324,400,1.234568,0.640000,20,20,400,1.234568,24,24,576,1.777778,20,20,400,1.234568,4,4,0,0
bd14c3bf,dataset/raw-data/ARC-ALL/data/training/bd14c3bf.json,19,19,20,20,0,361,400,1.108033,0.598889,20,20,400,1.108033,24,24,576,1.595568,20,20,400,1.108033,3,3,0,0
bd283c4a,dataset/raw-data/ARC-ALL/data/training/bd283c4a.json,10,10,10,10,0,100,100,1.000000,0.888889,12,12,144,1.440000,16,16,256,2.560000,12,12,144,1.440000,1,1,1,1
bd4472b8,dataset/raw-data/ARC-ALL/data/training/bd4472b8.json,5,12,6,12,0,60,72,1.200000,0.933333,8,12,96,1.600000,16,16,256,4.266667,12,12,144,2.400000,4,4,0,0
bd5af378,dataset/raw-data/ARC-ALL/data/training/bd5af378.json,10,10,10,10,0,100,100,1.000000,0.888889,12,12,144,1.440000,16,16,256,2.560000,12,12,144,1.440000,5,5,0,0
bda2d7a6,dataset/raw-data/ARC-ALL/data/training/bda2d7a6.json,8,8,8,8,0,64,64,1.000000,0.928889,8,8,64,1.000000,8,8,64,1.000000,8,8,64,1.000000,2,2,0,0
bdad9b1f,dataset/raw-data/ARC-ALL/data/training/bdad9b1f.json,6,6,6,6,0,36,36,1.000000,0.960000,8,8,64,1.777778,8,8,64,1.777778,8,8,64,1.777778,1,1,1,1
be03b35f,dataset/raw-data/ARC-ALL/data/training/be03b35f.json,5,5,6,6,0,25,36,1.440000,0.972222,8,8,64,2.560000,8,8,64,2.560000,8,8,64,2.560000,1,1,1,1
be94b721,dataset/raw-data/ARC-ALL/data/training/be94b721.json,13,9,15,10,0,117,150,1.282051,0.870000,16,12,192,1.641026,16,16,256,2.188034,16,16,256,2.188034,5,3,0,0
beb8660c,dataset/raw-data/ARC-ALL/data/training/beb8660c.json,8,11,8,12,0,88,96,1.090909,0.902222,8,12,96,1.090909,16,16,256,2.909091,12,12,144,1.636364,4,4,0,0
bf32578f,dataset/raw-data/ARC-ALL/data/training/bf32578f.json,10,10,10,10,0,100,100,1.000000,0.888889,12,12,144,1.440000,16,16,256,2.560000,12,12,144,1.440000,3,3,0,0
bf699163,dataset/raw-data/ARC-ALL/data/training/bf699163.json,18,17,20,20,0,306,400,1.307190,0.660000,20,20,400,1.307190,24,24,576,1.882353,20,20,400,1.307190,3,1,0,1
bf89d739,dataset/raw-data/ARC-ALL/data/training/bf89d739.json,17,19,20,20,0,323,400,1.238390,0.641111,20,20,400,1.238390,24,24,576,1.783282,20,20,400,1.238390,5,5,0,0
c074846d,dataset/raw-data/ARC-ALL/data/training/c074846d.json,11,9,12,10,0,99,120,1.212121,0.890000,12,12,144,1.454545,16,16,256,2.585859,12,12,144,1.454545,6,6,0,0
c0f76784,dataset/raw-data/ARC-ALL/data/training/c0f76784.json,12,12,12,12,0,144,144,1.000000,0.840000,12,12,144,1.000000,16,16,256,1.777778,12,12,144,1.000000,1,1,1,1
c1990cce,dataset/raw-data/ARC-ALL/data/training/c1990cce.json,17,17,20,20,0,289,400,1.384083,0.678889,20,20,400,1.384083,24,24,576,1.993080,20,20,400,1.384083,4,4,0,0
c1d99e64,dataset/raw-data/ARC-ALL/data/training/c1d99e64.json,25,27,30,30,0,675,900,1.333333,0.250000,28,28,784,1.161481,32,32,1024,1.517037,28,28,784,1.161481,4,4,0,0
c3202e5a,dataset/raw-data/ARC-ALL/data/training/c3202e5a.json,29,29,30,30,0,841,900,1.070155,0.065556,32,32,1024,1.217598,32,32,1024,1.217598,32,32,1024,1.217598,2,2,0,0
c35c1b4c,dataset/raw-data/ARC-ALL/data/training/c35c1b4c.json,10,10,10,10,0,100,100,1.000000,0.888889,12,12,144,1.440000,16,16,256,2.560000,12,12,144,1.440000,1,1,1,1
c3e719e8,dataset/raw-data/ARC-ALL/data/training/c3e719e8.json,9,9,10,10,0,81,100,1.234568,0.910000,12,12,144,1.777778,16,16,256,3.160494,12,12,144,1.777778,1,1,1,1
c3f564a4,dataset/raw-data/ARC-ALL/data/training/c3f564a4.json,16,16,20,20,0,256,400,1.562500,0.715556,16,16,256,1.000000,16,16,256,1.000000,16,16,256,1.000000,1,1,1,1
c3fa4749,dataset/raw-data/ARC-ALL/data/training/c3fa4749.json,30,30,30,30,0,900,900,1.000000,0.000000,32,32,1024,1.137778,32,32,1024,1.137778,32,32,1024,1.137778,3,3,0,0
c444b776,dataset/raw-data/ARC-ALL/data/training/c444b776.json,29,19,30,20,0,551,600,1.088929,0.387778,32,20,640,1.161525,32,32,1024,1.858439,32,32,1024,1.858439,3,3,0,0
c48954c1,dataset/raw-data/ARC-ALL/data/training/c48954c1.json,9,9,10,10,0,81,100,1.234568,0.910000,12,12,144,1.777778,16,16,256,3.160494,12,12,144,1.777778,1,1,1,1
c4d1a9ae,dataset/raw-data/ARC-ALL/data/training/c4d1a9ae.json,8,10,8,10,0,80,80,1.000000,0.911111,8,12,96,1.200000,16,16,256,3.200000,12,12,144,1.800000,1,1,1,1
c59eb873,dataset/raw-data/ARC-ALL/data/training/c59eb873.json,10,10,10,10,0,100,100,1.000000,0.888889,12,12,144,1.440000,16,16,256,2.560000,12,12,144,1.440000,4,4,0,0
c6141b15,dataset/raw-data/ARC-ALL/data/training/c6141b15.json,16,16,20,20,0,256,400,1.562500,0.715556,16,16,256,1.000000,16,16,256,1.000000,16,16,256,1.000000,2,2,0,0
c61be7dc,dataset/raw-data/ARC-ALL/data/training/c61be7dc.json,19,19,20,20,0,361,400,1.108033,0.598889,20,20,400,1.108033,24,24,576,1.595568,20,20,400,1.108033,4,4,0,0
c62e2108,dataset/raw-data/ARC-ALL/data/training/c62e2108.json,24,24,24,24,0,576,576,1.000000,0.360000,24,24,576,1.000000,24,24,576,1.000000,24,24,576,1.000000,4,4,0,0
c64f1187,dataset/raw-data/ARC-ALL/data/training/c64f1187.json,20,20,20,20,0,400,400,1.000000,0.555556,20,20,400,1.000000,24,24,576,1.440000,20,20,400,1.000000,3,3,0,0
c658a4bd,dataset/raw-data/ARC-ALL/data/training/c658a4bd.json,19,19,20,20,0,361,400,1.108033,0.598889,20,20,400,1.108033,24,24,576,1.595568,20,20,400,1.108033,3,3,0,0
c6e1b8da,dataset/raw-data/ARC-ALL/data/training/c6e1b8da.json,20,20,20,20,0,400,400,1.000000,0.555556,20,20,400,1.000000,24,24,576,1.440000,20,20,400,1.000000,1,1,1,1
c7d4e6ad,dataset/raw-data/ARC-ALL/data/training/c7d4e6ad.json,10,10,10,10,0,100,100,1.000000,0.888889,12,12,144,1.440000,16,16,256,2.560000,12,12,144,1.440000,1,1,1,1
c803e39c,dataset/raw-data/ARC-ALL/data/training/c803e39c.json,30,25,30,30,0,750,900,1.200000,0.166667,32,28,896,1.194667,32,32,1024,1.365333,32,32,1024,1.365333,3,3,0,0
c87289bb,dataset/raw-data/ARC-ALL/data/training/c87289bb.json,15,10,15,10,0,150,150,1.000000,0.833333,16,12,192,1.280000,16,16,256,1.706667,16,16,256,1.706667,3,3,0,0
c8b7cc0f,dataset/raw-data/ARC-ALL/data/training/c8b7cc0f.json,9,9,10,10,0,81,100,1.234568,0.910000,12,12,144,1.777778,16,16,256,3.160494,12,12,144,1.777778,2,1,0,1
c8cbb738,dataset/raw-data/ARC-ALL/data/training/c8cbb738.json,19,18,20,20,0,342,400,1.169591,0.620000,20,20,400,1.169591,24,24,576,1.684211,20,20,400,1.169591,4,3,0,0
c8f0f002,dataset/raw-data/ARC-ALL/data/training/c8f0f002.json,6,3,6,4,0,18,24,1.333333,0.980000,8,4,32,1.777778,8,8,64,3.555556,8,8,64,3.555556,3,3,0,0
c909285e,dataset/raw-data/ARC-ALL/data/training/c909285e.json,28,28,30,30,0,784,900,1.147959,0.128889,28,28,784,1.000000,32,32,1024,1.306122,28,28,784,1.000000,3,2,0,0
c920a713,dataset/raw-data/ARC-ALL/data/training/c920a713.json,25,25,30,30,0,625,900,1.440000,0.305556,28,28,784,1.254400,32,32,1024,1.638400,28,28,784,1.254400,3,3,0,0
c92b942c,dataset/raw-data/ARC-ALL/data/training/c92b942c.json,18,15,20,15,0,270,300,1.111111,0.700000,20,16,320,1.185185,24,24,576,2.133333,20,20,400,1.481481,4,4,0,0
c9680e90,dataset/raw-data/ARC-ALL/data/training/c9680e90.json,11,11,12,12,0,121,144,1.190083,0.865556,12,12,144,1.190083,16,16,256,2.115702,12,12,144,1.190083,3,3,0,0
c97c0139,dataset/raw-data/ARC-ALL/data/training/c97c0139.json,22,21,24,24,0,462,576,1.246753,0.486667,24,24,576,1.246753,24,24,576,1.246753,24,24,576,1.246753,3,3,0,0
c9e6f938,dataset/raw-data/ARC-ALL/data/training/c9e6f938.json,6,3,6,4,0,18,24,1.333333,0.980000,8,4,32,1.777778,8,8,64,3.555556,8,8,64,3.555556,1,1,1,1
c9f8e694,dataset/raw-data/ARC-ALL/data/training/c9f8e694.json,12,12,12,12,0,144,144,1.000000,0.840000,12,12,144,1.000000,16,16,256,1.777778,12,12,144,1.000000,1,1,1,1
ca8de6ea,dataset/raw-data/ARC-ALL/data/training/ca8de6ea.json,5,5,6,6,0,25,36,1.440000,0.972222,8,8,64,2.560000,8,8,64,2.560000,8,8,64,2.560000,1,1,1,1
caa06a1f,dataset/raw-data/ARC-ALL/data/training/caa06a1f.json,18,18,20,20,0,324,400,1.234568,0.640000,20,20,400,1.234568,24,24,576,1.777778,20,20,400,1.234568,4,4,0,0
cad67732,dataset/raw-data/ARC-ALL/data/training/cad67732.json,20,20,20,20,0,400,400,1.000000,0.555556,20,20,400,1.000000,24,24,576,1.440000,20,20,400,1.000000,4,4,0,0
cb227835,dataset/raw-data/ARC-ALL/data/training/cb227835.json,14,13,15,15,0,182,225,1.236264,0.797778,16,16,256,1.406593,16,16,256,1.406593,16,16,256,1.406593,4,4,0,0
cbded52d,dataset/raw-data/ARC-ALL/data/training/cbded52d.json,8,8,8,8,0,64,64,1.000000,0.928889,8,8,64,1.000000,8,8,64,1.000000,8,8,64,1.000000,1,1,1,1
cc9053aa,dataset/raw-data/ARC-ALL/data/training/cc9053aa.json,9,9,10,10,0,81,100,1.234568,0.910000,12,12,144,1.777778,16,16,256,3.160494,12,12,144,1.777778,2,2,0,0
ccd554ac,dataset/raw-data/ARC-ALL/data/training/ccd554ac.json,25,25,30,30,0,625,900,1.440000,0.305556,28,28,784,1.254400,32,32,1024,1.638400,28,28,784,1.254400,4,4,0,0
cce03e0d,dataset/raw-data/ARC-ALL/data/training/cce03e0d.json,9,9,10,10,0,81,100,1.234568,0.910000,12,12,144,1.777778,16,16,256,3.160494,12,12,144,1.777778,1,1,1,1
cd3c21df,dataset/raw-data/ARC-ALL/data/training/cd3c21df.json,13,13,15,15,0,169,225,1.331361,0.812222,16,16,256,1.514793,16,16,256,1.514793,16,16,256,1.514793,3,4,0,0
cdecee7f,dataset/raw-data/ARC-ALL/data/training/cdecee7f.json,10,10,10,10,0,100,100,1.000000,0.888889,12,12,144,1.440000,16,16,256,2.560000,12,12,144,1.440000,1,1,1,1
ce039d91,dataset/raw-data/ARC-ALL/data/training/ce039d91.json,10,10,10,10,0,100,100,1.000000,0.888889,12,12,144,1.440000,16,16,256,2.560000,12,12,144,1.440000,1,1,1,1
ce22a75a,dataset/raw-data/ARC-ALL/data/training/ce22a75a.json,9,9,10,10,0,81,100,1.234568,0.910000,12,12,144,1.777778,16,16,256,3.160494,12,12,144,1.777778,1,1,1,1
ce4f8723,dataset/raw-data/ARC-ALL/data/training/ce4f8723.json,4,9,4,10,0,36,40,1.111111,0.960000,4,12,48,1.333333,16,16,256,7.111111,12,12,144,4.000000,1,1,1,1
ce602527,dataset/raw-data/ARC-ALL/data/training/ce602527.json,18,19,20,20,0,342,400,1.169591,0.620000,20,20,400,1.169591,24,24,576,1.684211,20,20,400,1.169591,4,4,0,0
ce8d95cc,dataset/raw-data/ARC-ALL/data/training/ce8d95cc.json,13,12,15,12,0,156,180,1.153846,0.826667,16,12,192,1.230769,16,16,256,1.641026,16,16,256,1.641026,4,5,0,0
ce9e57f2,dataset/raw-data/ARC-ALL/data/training/ce9e57f2.json,9,11,10,12,0,99,120,1.212121,0.890000,12,12,144,1.454545,16,16,256,2.585859,12,12,144,1.454545,4,4,0,0
cf133acc,dataset/raw-data/ARC-ALL/data/training/cf133acc.json,15,15,15,15,0,225,225,1.000000,0.750000,16,16,256,1.137778,16,16,256,1.137778,16,16,256,1.137778,1,1,1,1
cf5fd0ad,dataset/raw-data/ARC-ALL/data/training/cf5fd0ad.json,12,12,12,12,0,144,144,1.000000,0.840000,12,12,144,1.000000,16,16,256,1.777778,12,12,144,1.000000,1,1,1,1
cf98881b,dataset/raw-data/ARC-ALL/data/training/cf98881b.json,14,4,15,4,0,56,60,1.071429,0.937778,16,4,64,1.142857,16,16,256,4.571429,16,16,256,4.571429,1,1,1,1
cfb2ce5a,dataset/raw-data/ARC-ALL/data/training/cfb2ce5a.json,10,10,10,10,0,100,100,1.000000,0.888889,12,12,144,1.440000,16,16,256,2.560000,12,12,144,1.440000,1,1,1,1
d017b73f,dataset/raw-data/ARC-ALL/data/training/d017b73f.json,11,3,12,4,0,33,48,1.454545,0.963333,12,4,48,1.454545,16,16,256,7.757576,12,12,144,4.363636,2,3,0,0
d037b0a7,dataset/raw-data/ARC-ALL/data/training/d037b0a7.json,3,3,4,4,0,9,16,1.777778,0.990000,4,4,16,1.777778,8,8,64,7.111111,4,4,16,1.777778,1,1,1,1
d06dbe63,dataset/raw-data/ARC-ALL/data/training/d06dbe63.json,13,13,15,15,0,169,225,1.331361,0.812222,16,16,256,1.514793,16,16,256,1.514793,16,16,256,1.514793,1,1,1,1
d07ae81c,dataset/raw-data/ARC-ALL/data/training/d07ae81c.json,19,19,20,20,0,361,400,1.108033,0.598889,20,20,400,1.108033,24,24,576,1.595568,20,20,400,1.108033,4,4,0,0
d0f5fe59,dataset/raw-data/ARC-ALL/data/training/d0f5fe59.json,12,16,12,20,0,192,240,1.250000,0.786667,12,16,192,1.000000,16,16,256,1.333333,16,16,256,1.333333,4,4,0,0
d10ecb37,dataset/raw-data/ARC-ALL/data/training/d10ecb37.json,8,12,8,12,0,96,96,1.000000,0.893333,8,12,96,1.000000,16,16,256,2.666667,12,12,144,1.500000,4,1,0,1
d13f3404,dataset/raw-data/ARC-ALL/data/training/d13f3404.json,6,6,6,6,0,36,36,1.000000,0.960000,8,8,64,1.777778,8,8,64,1.777778,8,8,64,1.777778,1,1,1,1
d19f7514,dataset/raw-data/ARC-ALL/data/training/d19f7514.json,4,12,4,12,0,48,48,1.000000,0.946667,4,12,48,1.000000,16,16,256,5.333333,12,12,144,3.000000,1,1,1,1
d22278a0,dataset/raw-data/ARC-ALL/data/training/d22278a0.json,17,17,20,20,0,289,400,1.384083,0.678889,20,20,400,1.384083,24,24,576,1.993080,20,20,400,1.384083,5,5,0,0
d23f8c26,dataset/raw-data/ARC-ALL/data/training/d23f8c26.json,7,7,8,8,0,49,64,1.306122,0.945556,8,8,64,1.306122,8,8,64,1.306122,8,8,64,1.306122,3,3,0,0
d255d7a7,dataset/raw-data/ARC-ALL/data/training/d255d7a7.json,20,20,20,20,0,400,400,1.000000,0.555556,20,20,400,1.000000,24,24,576,1.440000,20,20,400,1.000000,4,4,0,0
d282b262,dataset/raw-data/ARC-ALL/data/training/d282b262.json,15,15,15,15,0,225,225,1.000000,0.750000,16,16,256,1.137778,16,16,256,1.137778,16,16,256,1.137778,1,1,1,1
d2abd087,dataset/raw-data/ARC-ALL/data/training/d2abd087.json,10,10,10,10,0,100,100,1.000000,0.888889,12,12,144,1.440000,16,16,256,2.560000,12,12,144,1.440000,1,1,1,1
d2acf2cb,dataset/raw-data/ARC-ALL/data/training/d2acf2cb.json,9,10,10,10,0,90,100,1.111111,0.900000,12,12,144,1.600000,16,16,256,2.844444,12,12,144,1.600000,4,4,0,0
d304284e,dataset/raw-data/ARC-ALL/data/training/d304284e.json,28,23,30,24,0,644,720,1.118012,0.284444,28,24,672,1.043478,32,32,1024,1.590062,28,28,784,1.217391,1,1,1,1
d364b489,dataset/raw-data/ARC-ALL/data/training/d364b489.json,10,10,10,10,0,100,100,1.000000,0.888889,12,12,144,1.440000,16,16,256,2.560000,12,12,144,1.440000,1,1,1,1
d37a1ef5,dataset/raw-data/ARC-ALL/data/training/d37a1ef5.json,12,13,12,15,0,156,180,1.153846,0.826667,12,16,192,1.230769,16,16,256,1.641026,16,16,256,1.641026,4,4,0,0
d406998b,dataset/raw-data/ARC-ALL/data/training/d406998b.json,17,3,20,4,0,51,80,1.568627,0.943333,20,4,80,1.568627,24,24,576,11.294118,20,20,400,7.843137,5,5,0,0
d43fd935,dataset/raw-data/ARC-ALL/data/training/d43fd935.json,10,10,10,10,0,100,100,1.000000,0.888889,12,12,144,1.440000,16,16,256,2.560000,12,12,144,1.440000,1,1,1,1
d4469b4b,dataset/raw-data/ARC-ALL/data/training/d4469b4b.json,5,5,6,6,0,25,36,1.440000,0.972222,8,8,64,2.560000,8,8,64,2.560000,8,8,64,2.560000,1,1,1,1
d47aa2ff,dataset/raw-data/ARC-ALL/data/training/d47aa2ff.json,21,10,24,10,0,210,240,1.142857,0.766667,24,12,288,1.371429,24,24,576,2.742857,24,24,576,2.742857,1,1,1,1
d492a647,dataset/raw-data/ARC-ALL/data/training/d492a647.json,17,15,20,15,0,255,300,1.176471,0.716667,20,16,320,1.254902,24,24,576,2.258824,20,20,400,1.568627,3,3,0,0
d4a91cb9,dataset/raw-data/ARC-ALL/data/training/d4a91cb9.json,13,12,15,12,0,156,180,1.153846,0.826667,16,12,192,1.230769,16,16,256,1.641026,16,16,256,1.641026,4,4,0,0
d4b1c2b1,dataset/raw-data/ARC-ALL/data/training/d4b1c2b1.json,15,15,15,15,0,225,225,1.000000,0.750000,16,16,256,1.137778,16,16,256,1.137778,16,16,256,1.137778,1,5,1,0
d4c90558,dataset/raw-data/ARC-ALL/data/training/d4c90558.json,25,25,30,30,0,625,900,1.440000,0.305556,28,28,784,1.254400,32,32,1024,1.638400,28,28,784,1.254400,3,3,0,0
d4f3cd78,dataset/raw-data/ARC-ALL/data/training/d4f3cd78.json,10,10,10,10,0,100,100,1.000000,0.888889,12,12,144,1.440000,16,16,256,2.560000,12,12,144,1.440000,1,1,1,1
d511f180,dataset/raw-data/ARC-ALL/data/training/d511f180.json,5,5,6,6,0,25,36,1.440000,0.972222,8,8,64,2.560000,8,8,64,2.560000,8,8,64,2.560000,3,3,0,0
d56f2372,dataset/raw-data/ARC-ALL/data/training/d56f2372.json,20,22,20,24,0,440,480,1.090909,0.511111,20,24,480,1.090909,24,24,576,1.309091,24,24,576,1.309091,4,4,0,0
d5c634a2,dataset/raw-data/ARC-ALL/data/training/d5c634a2.json,15,15,15,15,0,225,225,1.000000,0.750000,16,16,256,1.137778,16,16,256,1.137778,16,16,256,1.137778,7,1,0,1
d5d6de2d,dataset/raw-data/ARC-ALL/data/training/d5d6de2d.json,25,25,30,30,0,625,900,1.440000,0.305556,28,28,784,1.254400,32,32,1024,1.638400,28,28,784,1.254400,3,3,0,0
d631b094,dataset/raw-data/ARC-ALL/data/training/d631b094.json,5,3,6,4,0,15,24,1.600000,0.983333,8,4,32,2.133333,8,8,64,4.266667,8,8,64,4.266667,1,5,1,0
d6542281,dataset/raw-data/ARC-ALL/data/training/d6542281.json,24,24,24,24,0,576,576,1.000000,0.360000,24,24,576,1.000000,24,24,576,1.000000,24,24,576,1.000000,4,4,0,0
d687bc17,dataset/raw-data/ARC-ALL/data/training/d687bc17.json,17,14,20,15,0,238,300,1.260504,0.735556,20,16,320,1.344538,24,24,576,2.420168,20,20,400,1.680672,4,4,0,0
d6ad076f,dataset/raw-data/ARC-ALL/data/training/d6ad076f.json,10,10,10,10,0,100,100,1.000000,0.888889,12,12,144,1.440000,16,16,256,2.560000,12,12,144,1.440000,1,1,1,1
d6e50e54,dataset/raw-data/ARC-ALL/data/training/d6e50e54.json,16,16,20,20,0,256,400,1.562500,0.715556,16,16,256,1.000000,16,16,256,1.000000,16,16,256,1.000000,4,4,0,0
d749d46f,dataset/raw-data/ARC-ALL/data/training/d749d46f.json,25,10,30,10,0,250,300,1.200000,0.722222,28,12,336,1.344000,32,32,1024,4.096000,28,28,784,3.136000,4,4,0,0
d753a70b,dataset/raw-data/ARC-ALL/data/training/d753a70b.json,16,16,20,20,0,256,400,1.562500,0.715556,16,16,256,1.000000,16,16,256,1.000000,16,16,256,1.000000,1,1,1,1
d89b689b,dataset/raw-data/ARC-ALL/data/training/d89b689b.json,10,10,10,10,0,100,100,1.000000,0.888889,12,12,144,1.440000,16,16,256,2.560000,12,12,144,1.440000,1,1,1,1
d8c310e9,dataset/raw-data/ARC-ALL/data/training/d8c310e9.json,15,5,15,6,0,75,90,1.200000,0.916667,16,8,128,1.706667,16,16,256,3.413333,16,16,256,3.413333,1,1,1,1
d90796e8,dataset/raw-data/ARC-ALL/data/training/d90796e8.json,9,7,10,8,0,63,80,1.269841,0.930000,12,8,96,1.523810,16,16,256,4.063492,12,12,144,2.285714,4,4,0,0
d931c21c,dataset/raw-data/ARC-ALL/data/training/d931c21c.json,30,30,30,30,0,900,900,1.000000,0.000000,32,32,1024,1.137778,32,32,1024,1.137778,32,32,1024,1.137778,5,5,0,0
d93c6891,dataset/raw-data/ARC-ALL/data/training/d93c6891.json,18,16,20,20,0,288,400,1.388889,0.680000,20,16,320,1.111111,24,24,576,2.000000,20,20,400,1.388889,3,3,0,0
d94c3b52,dataset/raw-data/ARC-ALL/data/training/d94c3b52.json,25,17,30,20,0,425,600,1.411765,0.527778,28,20,560,1.317647,32,32,1024,2.409412,28,28,784,1.844706,1,1,1,1
d968ffd4,dataset/raw-data/ARC-ALL/data/training/d968ffd4.json,17,22,20,24,0,374,480,1.283422,0.584444,20,24,480,1.283422,24,24,576,1.540107,24,24,576,1.540107,5,5,0,0
d9f24cd1,dataset/raw-data/ARC-ALL/data/training/d9f24cd1.json,10,10,10,10,0,100,100,1.000000,0.888889,12,12,144,1.440000,16,16,256,2.560000,12,12,144,1.440000,1,1,1,1
d9fac9be,dataset/raw-data/ARC-ALL/data/training/d9fac9be.json,12,12,12,12,0,144,144,1.000000,0.840000,12,12,144,1.000000,16,16,256,1.777778,12,12,144,1.000000,5,1,0,1
da2b0fe3,dataset/raw-data/ARC-ALL/data/training/da2b0fe3.json,10,10,10,10,0,100,100,1.000000,0.888889,12,12,144,1.440000,16,16,256,2.560000,12,12,144,1.440000,1,1,1,1
da6e95e5,dataset/raw-data/ARC-ALL/data/training/da6e95e5.json,30,30,30,30,0,900,900,1.000000,0.000000,32,32,1024,1.137778,32,32,1024,1.137778,32,32,1024,1.137778,1,3,1,0
dae9d2b5,dataset/raw-data/ARC-ALL/data/training/dae9d2b5.json,6,3,6,4,0,18,24,1.333333,0.980000,8,4,32,1.777778,8,8,64,3.555556,8,8,64,3.555556,1,1,1,1
db118e2a,dataset/raw-data/ARC-ALL/data/training/db118e2a.json,15,15,15,15,0,225,225,1.000000,0.750000,16,16,256,1.137778,16,16,256,1.137778,16,16,256,1.137778,5,1,0,1
db3e9e38,dataset/raw-data/ARC-ALL/data/training/db3e9e38.json,9,9,10,10,0,81,100,1.234568,0.910000,12,12,144,1.777778,16,16,256,3.160494,12,12,144,1.777778,3,3,0,0
db615bd4,dataset/raw-data/ARC-ALL/data/training/db615bd4.json,25,25,30,30,0,625,900,1.440000,0.305556,28,28,784,1.254400,32,32,1024,1.638400,28,28,784,1.254400,1,1,1,1
db7260a4,dataset/raw-data/ARC-ALL/data/training/db7260a4.json,10,10,10,10,0,100,100,1.000000,0.888889,12,12,144,1.440000,16,16,256,2.560000,12,12,144,1.440000,1,1,1,1
db93a21d,dataset/raw-data/ARC-ALL/data/training/db93a21d.json,30,30,30,30,0,900,900,1.000000,0.000000,32,32,1024,1.137778,32,32,1024,1.137778,32,32,1024,1.137778,4,4,0,0
dbc1a6ce,dataset/raw-data/ARC-ALL/data/training/dbc1a6ce.json,21,19,24,20,0,399,480,1.203008,0.556667,24,20,480,1.203008,24,24,576,1.443609,24,24,576,1.443609,5,5,0,0
dc0a314f,dataset/raw-data/ARC-ALL/data/training/dc0a314f.json,16,16,20,20,0,256,400,1.562500,0.715556,16,16,256,1.000000,16,16,256,1.000000,16,16,256,1.000000,1,1,1,1
dc1df850,dataset/raw-data/ARC-ALL/data/training/dc1df850.json,10,10,10,10,0,100,100,1.000000,0.888889,12,12,144,1.440000,16,16,256,2.560000,12,12,144,1.440000,4,4,0,0
dc2aa30b,dataset/raw-data/ARC-ALL/data/training/dc2aa30b.json,11,11,12,12,0,121,144,1.190083,0.865556,12,12,144,1.190083,16,16,256,2.115702,12,12,144,1.190083,1,1,1,1
dc2e9a9d,dataset/raw-data/ARC-ALL/data/training/dc2e9a9d.json,29,28,30,30,0,812,900,1.108374,0.097778,32,28,896,1.103448,32,32,1024,1.261084,32,32,1024,1.261084,4,4,0,0
dc433765,dataset/raw-data/ARC-ALL/data/training/dc433765.json,11,11,12,12,0,121,144,1.190083,0.865556,12,12,144,1.190083,16,16,256,2.115702,12,12,144,1.190083,6,6,0,0
dc46ea44,dataset/raw-data/ARC-ALL/data/training/dc46ea44.json,11,11,12,12,0,121,144,1.190083,0.865556,12,12,144,1.190083,16,16,256,2.115702,12,12,144,1.190083,1,1,1,1
dce56571,dataset/raw-data/ARC-ALL/data/training/dce56571.json,28,11,30,12,0,308,360,1.168831,0.657778,28,12,336,1.090909,32,32,1024,3.324675,28,28,784,2.545455,4,4,0,0
dd2401ed,dataset/raw-data/ARC-ALL/data/training/dd2401ed.json,15,7,15,8,0,105,120,1.142857,0.883333,16,8,128,1.219048,16,16,256,2.438095,16,16,256,2.438095,1,1,1,1
ddf7fa4f,dataset/raw-data/ARC-ALL/data/training/ddf7fa4f.json,10,10,10,10,0,100,100,1.000000,0.888889,12,12,144,1.440000,16,16,256,2.560000,12,12,144,1.440000,1,1,1,1
de1cd16c,dataset/raw-data/ARC-ALL/data/training/de1cd16c.json,19,18,20,20,0,342,400,1.169591,0.620000,20,20,400,1.169591,24,24,576,1.684211,20,20,400,1.169591,5,1,0,1
de493100,dataset/raw-data/ARC-ALL/data/training/de493100.json,30,30,30,30,0,900,900,1.000000,0.000000,32,32,1024,1.137778,32,32,1024,1.137778,32,32,1024,1.137778,1,5,1,0
ded97339,dataset/raw-data/ARC-ALL/data/training/ded97339.json,10,10,10,10,0,100,100,1.000000,0.888889,12,12,144,1.440000,16,16,256,2.560000,12,12,144,1.440000,1,1,1,1
df8cc377,dataset/raw-data/ARC-ALL/data/training/df8cc377.json,26,22,30,24,0,572,720,1.258741,0.364444,28,24,672,1.174825,32,32,1024,1.790210,28,28,784,1.370629,4,4,0,0
df978a02,dataset/raw-data/ARC-ALL/data/training/df978a02.json,16,16,20,20,0,256,400,1.562500,0.715556,16,16,256,1.000000,16,16,256,1.000000,16,16,256,1.000000,1,1,1,1
df9fd884,dataset/raw-data/ARC-ALL/data/training/df9fd884.json,9,9,10,10,0,81,100,1.234568,0.910000,12,12,144,1.777778,16,16,256,3.160494,12,12,144,1.777778,2,2,0,0
e048c9ed,dataset/raw-data/ARC-ALL/data/training/e048c9ed.json,12,10,12,10,0,120,120,1.000000,0.866667,12,12,144,1.200000,16,16,256,2.133333,12,12,144,1.200000,5,5,0,0
e0fb7511,dataset/raw-data/ARC-ALL/data/training/e0fb7511.json,13,13,15,15,0,169,225,1.331361,0.812222,16,16,256,1.514793,16,16,256,1.514793,16,16,256,1.514793,1,1,1,1
e133d23d,dataset/raw-data/ARC-ALL/data/training/e133d23d.json,7,3,8,4,0,21,32,1.523810,0.976667,8,4,32,1.523810,8,8,64,3.047619,8,8,64,3.047619,1,1,1,1
e179c5f4,dataset/raw-data/ARC-ALL/data/training/e179c5f4.json,5,10,6,10,0,50,60,1.200000,0.944444,8,12,96,1.920000,16,16,256,5.120000,12,12,144,2.880000,4,4,0,0
e1baa8a4,dataset/raw-data/ARC-ALL/data/training/e1baa8a4.json,15,15,15,15,0,225,225,1.000000,0.750000,16,16,256,1.137778,16,16,256,1.137778,16,16,256,1.137778,4,4,0,0
e1d2900e,dataset/raw-data/ARC-ALL/data/training/e1d2900e.json,30,30,30,30,0,900,900,1.000000,0.000000,32,32,1024,1.137778,32,32,1024,1.137778,32,32,1024,1.137778,2,2,0,0
e2092e0c,dataset/raw-data/ARC-ALL/data/training/e2092e0c.json,15,15,15,15,0,225,225,1.000000,0.750000,16,16,256,1.137778,16,16,256,1.137778,16,16,256,1.137778,1,1,1,1
e21a174a,dataset/raw-data/ARC-ALL/data/training/e21a174a.json,13,13,15,15,0,169,225,1.331361,0.812222,16,16,256,1.514793,16,16,256,1.514793,16,16,256,1.514793,3,3,0,0
e21d9049,dataset/raw-data/ARC-ALL/data/training/e21d9049.json,20,20,20,20,0,400,400,1.000000,0.555556,20,20,400,1.000000,24,24,576,1.440000,20,20,400,1.000000,3,3,0,0
e26a3af2,dataset/raw-data/ARC-ALL/data/training/e26a3af2.json,17,15,20,15,0,255,300,1.176471,0.716667,20,16,320,1.254902,24,24,576,2.258824,20,20,400,1.568627,4,4,0,0
e345f17b,dataset/raw-data/ARC-ALL/data/training/e345f17b.json,8,4,8,4,0,32,32,1.000000,0.964444,8,4,32,1.000000,8,8,64,2.000000,8,8,64,2.000000,1,1,1,1
e3497940,dataset/raw-data/ARC-ALL/data/training/e3497940.json,9,10,10,10,0,90,100,1.111111,0.900000,12,12,144,1.600000,16,16,256,2.844444,12,12,144,1.600000,1,1,1,1
e39e9282,dataset/raw-data/ARC-ALL/data/training/e39e9282.json,15,15,15,15,0,225,225,1.000000,0.750000,16,16,256,1.137778,16,16,256,1.137778,16,16,256,1.137778,4,4,0,0
e3f79277,dataset/raw-data/ARC-ALL/data/training/e3f79277.json,16,16,20,20,0,256,400,1.562500,0.715556,16,16,256,1.000000,16,16,256,1.000000,16,16,256,1.000000,1,1,1,1
e3fe1151,dataset/raw-data/ARC-ALL/data/training/e3fe1151.json,5,5,6,6,0,25,36,1.440000,0.972222,8,8,64,2.560000,8,8,64,2.560000,8,8,64,2.560000,1,1,1,1
e4075551,dataset/raw-data/ARC-ALL/data/training/e4075551.json,15,16,15,20,0,240,300,1.250000,0.733333,16,16,256,1.066667,16,16,256,1.066667,16,16,256,1.066667,4,4,0,0
e40b9e2f,dataset/raw-data/ARC-ALL/data/training/e40b9e2f.json,10,10,10,10,0,100,100,1.000000,0.888889,12,12,144,1.440000,16,16,256,2.560000,12,12,144,1.440000,1,1,1,1
e41c6fd3,dataset/raw-data/ARC-ALL/data/training/e41c6fd3.json,30,17,30,20,0,510,600,1.176471,0.433333,32,20,640,1.254902,32,32,1024,2.007843,32,32,1024,2.007843,4,4,0,0
e45ef808,dataset/raw-data/ARC-ALL/data/training/e45ef808.json,12,12,12,12,0,144,144,1.000000,0.840000,12,12,144,1.000000,16,16,256,1.777778,12,12,144,1.000000,1,1,1,1
e4888269,dataset/raw-data/ARC-ALL/data/training/e4888269.json,30,30,30,30,0,900,900,1.000000,0.000000,32,32,1024,1.137778,32,32,1024,1.137778,32,32,1024,1.137778,3,3,0,0
e48d4e1a,dataset/raw-data/ARC-ALL/data/training/e48d4e1a.json,10,10,10,10,0,100,100,1.000000,0.888889,12,12,144,1.440000,16,16,256,2.560000,12,12,144,1.440000,1,1,1,1
e4941b18,dataset/raw-data/ARC-ALL/data/training/e4941b18.json,19,19,20,20,0,361,400,1.108033,0.598889,20,20,400,1.108033,24,24,576,1.595568,20,20,400,1.108033,4,4,0,0
e5062a87,dataset/raw-data/ARC-ALL/data/training/e5062a87.json,10,10,10,10,0,100,100,1.000000,0.888889,12,12,144,1.440000,16,16,256,2.560000,12,12,144,1.440000,1,1,1,1
e509e548,dataset/raw-data/ARC-ALL/data/training/e509e548.json,21,19,24,20,0,399,480,1.203008,0.556667,24,20,480,1.203008,24,24,576,1.443609,24,24,576,1.443609,4,4,0,0
e50d258f,dataset/raw-data/ARC-ALL/data/training/e50d258f.json,10,10,10,10,0,100,100,1.000000,0.888889,12,12,144,1.440000,16,16,256,2.560000,12,12,144,1.440000,1,4,1,0
e57337a4,dataset/raw-data/ARC-ALL/data/training/e57337a4.json,15,15,15,15,0,225,225,1.000000,0.750000,16,16,256,1.137778,16,16,256,1.137778,16,16,256,1.137778,1,1,1,1
e5790162,dataset/raw-data/ARC-ALL/data/training/e5790162.json,12,10,12,10,0,120,120,1.000000,0.866667,12,12,144,1.200000,16,16,256,2.133333,12,12,144,1.200000,5,5,0,0
e5c44e8f,dataset/raw-data/ARC-ALL/data/training/e5c44e8f.json,11,11,12,12,0,121,144,1.190083,0.865556,12,12,144,1.190083,16,16,256,2.115702,12,12,144,1.190083,1,1,1,1
e619ca6e,dataset/raw-data/ARC-ALL/data/training/e619ca6e.json,29,29,30,30,0,841,900,1.070155,0.065556,32,32,1024,1.217598,32,32,1024,1.217598,32,32,1024,1.217598,4,4,0,0
e633a9e5,dataset/raw-data/ARC-ALL/data/training/e633a9e5.json,5,5,6,6,0,25,36,1.440000,0.972222,8,8,64,2.560000,8,8,64,2.560000,8,8,64,2.560000,1,1,1,1
e6721834,dataset/raw-data/ARC-ALL/data/training/e6721834.json,20,30,20,30,0,600,600,1.000000,0.333333,20,32,640,1.066667,32,32,1024,1.706667,32,32,1024,1.706667,4,4,0,0
e681b708,dataset/raw-data/ARC-ALL/data/training/e681b708.json,26,27,30,30,0,702,900,1.282051,0.220000,28,28,784,1.116809,32,32,1024,1.458689,28,28,784,1.116809,4,4,0,0
e69241bd,dataset/raw-data/ARC-ALL/data/training/e69241bd.json,9,9,10,10,0,81,100,1.234568,0.910000,12,12,144,1.777778,16,16,256,3.160494,12,12,144,1.777778,2,2,0,0
e6de6e8f,dataset/raw-data/ARC-ALL/data/training/e6de6e8f.json,12,8,12,8,0,96,96,1.000000,0.893333,12,8,96,1.000000,16,16,256,2.666667,12,12,144,1.500000,1,1,1,1
e729b7be,dataset/raw-data/ARC-ALL/data/training/e729b7be.json,19,19,20,20,0,361,400,1.108033,0.598889,20,20,400,1.108033,24,24,576,1.595568,20,20,400,1.108033,3,3,0,0
e73095fd,dataset/raw-data/ARC-ALL/data/training/e73095fd.json,19,16,20,20,0,304,400,1.315789,0.662222,20,16,320,1.052632,24,24,576,1.894737,20,20,400,1.315789,4,4,0,0
e734a0e8,dataset/raw-data/ARC-ALL/data/training/e734a0e8.json,23,23,24,24,0,529,576,1.088847,0.412222,24,24,576,1.088847,24,24,576,1.088847,24,24,576,1.088847,3,3,0,0
e74e1818,dataset/raw-data/ARC-ALL/data/training/e74e1818.json,15,15,15,15,0,225,225,1.000000,0.750000,16,16,256,1.137778,16,16,256,1.137778,16,16,256,1.137778,4,4,0,0
e760a62e,dataset/raw-data/ARC-ALL/data/training/e760a62e.json,28,28,30,30,0,784,900,1.147959,0.128889,28,28,784,1.000000,32,32,1024,1.306122,28,28,784,1.000000,4,4,0,0
e7639916,dataset/raw-data/ARC-ALL/data/training/e7639916.json,20,14,20,15,0,280,300,1.071429,0.688889,20,16,320,1.142857,24,24,576,2.057143,20,20,400,1.428571,4,4,0,0
e76a88a6,dataset/raw-data/ARC-ALL/data/training/e76a88a6.json,10,10,10,10,0,100,100,1.000000,0.888889,12,12,144,1.440000,16,16,256,2.560000,12,12,144,1.440000,1,1,1,1
e78887d1,dataset/raw-data/ARC-ALL/data/training/e78887d1.json,15,13,15,15,0,195,225,1.153846,0.783333,16,16,256,1.312821,16,16,256,1.312821,16,16,256,1.312821,4,2,0,0
e7a25a18,dataset/raw-data/ARC-ALL/data/training/e7a25a18.json,14,14,15,15,0,196,225,1.147959,0.782222,16,16,256,1.306122,16,16,256,1.306122,16,16,256,1.306122,1,2,1,0
e7b06bea,dataset/raw-data/ARC-ALL/data/training/e7b06bea.json,9,14,10,15,0,126,150,1.190476,0.860000,12,16,192,1.523810,16,16,256,2.031746,16,16,256,2.031746,6,6,0,0
e7dd8335,dataset/raw-data/ARC-ALL/data/training/e7dd8335.json,11,9,12,10,0,99,120,1.212121,0.890000,12,12,144,1.454545,16,16,256,2.585859,12,12,144,1.454545,4,4,0,0
e84fef15,dataset/raw-data/ARC-ALL/data/training/e84fef15.json,29,29,30,30,0,841,900,1.070155,0.065556,32,32,1024,1.217598,32,32,1024,1.217598,32,32,1024,1.217598,1,1,1,1
e8593010,dataset/raw-data/ARC-ALL/data/training/e8593010.json,10,10,10,10,0,100,100,1.000000,0.888889,12,12,144,1.440000,16,16,256,2.560000,12,12,144,1.440000,1,1,1,1
e872b94a,dataset/raw-data/ARC-ALL/data/training/e872b94a.json,12,12,12,12,0,144,144,1.000000,0.840000,12,12,144,1.000000,16,16,256,1.777778,12,12,144,1.000000,5,4,0,0
e88171ec,dataset/raw-data/ARC-ALL/data/training/e88171ec.json,21,21,24,24,0,441,576,1.306122,0.510000,24,24,576,1.306122,24,24,576,1.306122,24,24,576,1.306122,4,4,0,0
e8dc4411,dataset/raw-data/ARC-ALL/data/training/e8dc4411.json,16,18,20,20,0,288,400,1.388889,0.680000,16,20,320,1.111111,24,24,576,2.000000,20,20,400,1.388889,4,4,0,0
e9614598,dataset/raw-data/ARC-ALL/data/training/e9614598.json,12,12,12,12,0,144,144,1.000000,0.840000,12,12,144,1.000000,16,16,256,1.777778,12,12,144,1.000000,3,3,0,0
e98196ab,dataset/raw-data/ARC-ALL/data/training/e98196ab.json,11,11,12,12,0,121,144,1.190083,0.865556,12,12,144,1.190083,16,16,256,2.115702,12,12,144,1.190083,1,1,1,1
e99362f0,dataset/raw-data/ARC-ALL/data/training/e99362f0.json,9,11,10,12,0,99,120,1.212121,0.890000,12,12,144,1.454545,16,16,256,2.585859,12,12,144,1.454545,1,1,1,1
e9ac8c9e,dataset/raw-data/ARC-ALL/data/training/e9ac8c9e.json,15,15,15,15,0,225,225,1.000000,0.750000,16,16,256,1.137778,16,16,256,1.137778,16,16,256,1.137778,2,2,0,0
e9afcf9a,dataset/raw-data/ARC-ALL/data/training/e9afcf9a.json,6,2,6,4,0,12,24,2.000000,0.986667,8,4,32,2.666667,8,8,64,5.333333,8,8,64,5.333333,1,1,1,1
e9b4f6fc,dataset/raw-data/ARC-ALL/data/training/e9b4f6fc.json,13,13,15,15,0,169,225,1.331361,0.812222,16,16,256,1.514793,16,16,256,1.514793,16,16,256,1.514793,1,5,1,0
e9bb6954,dataset/raw-data/ARC-ALL/data/training/e9bb6954.json,19,19,20,20,0,361,400,1.108033,0.598889,20,20,400,1.108033,24,24,576,1.595568,20,20,400,1.108033,5,5,0,0
e9c9d9a1,dataset/raw-data/ARC-ALL/data/training/e9c9d9a1.json,16,19,20,20,0,304,400,1.315789,0.662222,16,20,320,1.052632,24,24,576,1.894737,20,20,400,1.315789,4,4,0,0
e9fc42f2,dataset/raw-data/ARC-ALL/data/training/e9fc42f2.json,13,13,15,15,0,169,225,1.331361,0.812222,16,16,256,1.514793,16,16,256,1.514793,16,16,256,1.514793,1,5,1,0
ea32f347,dataset/raw-data/ARC-ALL/data/training/ea32f347.json,10,10,10,10,0,100,100,1.000000,0.888889,12,12,144,1.440000,16,16,256,2.560000,12,12,144,1.440000,1,1,1,1
ea786f4a,dataset/raw-data/ARC-ALL/data/training/ea786f4a.json,11,11,12,12,0,121,144,1.190083,0.865556,12,12,144,1.190083,16,16,256,2.115702,12,12,144,1.190083,4,4,0,0
ea959feb,dataset/raw-data/ARC-ALL/data/training/ea959feb.json,25,22,30,24,0,550,720,1.309091,0.388889,28,24,672,1.221818,32,32,1024,1.861818,28,28,784,1.425455,1,1,1,1
ea9794b1,dataset/raw-data/ARC-ALL/data/training/ea9794b1.json,10,10,10,10,0,100,100,1.000000,0.888889,12,12,144,1.440000,16,16,256,2.560000,12,12,144,1.440000,1,1,1,1
eb281b96,dataset/raw-data/ARC-ALL/data/training/eb281b96.json,17,17,20,20,0,289,400,1.384083,0.678889,20,20,400,1.384083,24,24,576,1.993080,20,20,400,1.384083,3,3,0,0
eb5a1d5d,dataset/raw-data/ARC-ALL/data/training/eb5a1d5d.json,27,26,30,30,0,702,900,1.282051,0.220000,28,28,784,1.116809,32,32,1024,1.458689,28,28,784,1.116809,4,4,0,0
ec883f72,dataset/raw-data/ARC-ALL/data/training/ec883f72.json,12,12,12,12,0,144,144,1.000000,0.840000,12,12,144,1.000000,16,16,256,1.777778,12,12,144,1.000000,4,4,0,0
ecaa0ec1,dataset/raw-data/ARC-ALL/data/training/ecaa0ec1.json,11,12,12,12,0,132,144,1.090909,0.853333,12,12,144,1.090909,16,16,256,1.939394,12,12,144,1.090909,4,4,0,0
ecb67b6d,dataset/raw-data/ARC-ALL/data/training/ecb67b6d.json,19,16,20,20,0,304,400,1.315789,0.662222,20,16,320,1.052632,24,24,576,1.894737,20,20,400,1.315789,4,4,0,0
ecdecbb3,dataset/raw-data/ARC-ALL/data/training/ecdecbb3.json,19,17,20,20,0,323,400,1.238390,0.641111,20,20,400,1.238390,24,24,576,1.783282,20,20,400,1.238390,4,4,0,0
ed36ccf7,dataset/raw-data/ARC-ALL/data/training/ed36ccf7.json,3,3,4,4,0,9,16,1.777778,0.990000,4,4,16,1.777778,8,8,64,7.111111,4,4,16,1.777778,1,1,1,1
ed74f2f2,dataset/raw-data/ARC-ALL/data/training/ed74f2f2.json,9,5,10,6,0,45,60,1.333333,0.950000,12,8,96,2.133333,16,16,256,5.688889,12,12,144,3.200000,1,1,1,1
ed98d772,dataset/raw-data/ARC-ALL/data/training/ed98d772.json,6,6,6,6,0,36,36,1.000000,0.960000,8,8,64,1.777778,8,8,64,1.777778,8,8,64,1.777778,1,1,1,1
edcc2ff0,dataset/raw-data/ARC-ALL/data/training/edcc2ff0.json,10,20,10,20,0,200,200,1.000000,0.777778,12,20,240,1.200000,24,24,576,2.880000,20,20,400,2.000000,1,1,1,1
ef135b50,dataset/raw-data/ARC-ALL/data/training/ef135b50.json,10,10,10,10,0,100,100,1.000000,0.888889,12,12,144,1.440000,16,16,256,2.560000,12,12,144,1.440000,1,1,1,1
ef26cbf6,dataset/raw-data/ARC-ALL/data/training/ef26cbf6.json,11,11,12,12,0,121,144,1.190083,0.865556,12,12,144,1.190083,16,16,256,2.115702,12,12,144,1.190083,2,2,0,0
f0100645,dataset/raw-data/ARC-ALL/data/training/f0100645.json,10,10,10,10,0,100,100,1.000000,0.888889,12,12,144,1.440000,16,16,256,2.560000,12,12,144,1.440000,2,2,0,0
f0afb749,dataset/raw-data/ARC-ALL/data/training/f0afb749.json,12,12,12,12,0,144,144,1.000000,0.840000,12,12,144,1.000000,16,16,256,1.777778,12,12,144,1.000000,4,4,0,0
f0df5ff0,dataset/raw-data/ARC-ALL/data/training/f0df5ff0.json,15,15,15,15,0,225,225,1.000000,0.750000,16,16,256,1.137778,16,16,256,1.137778,16,16,256,1.137778,1,1,1,1
f0f8a26d,dataset/raw-data/ARC-ALL/data/training/f0f8a26d.json,13,13,15,15,0,169,225,1.331361,0.812222,16,16,256,1.514793,16,16,256,1.514793,16,16,256,1.514793,3,3,0,0
f15e1fac,dataset/raw-data/ARC-ALL/data/training/f15e1fac.json,17,17,20,20,0,289,400,1.384083,0.678889,20,20,400,1.384083,24,24,576,1.993080,20,20,400,1.384083,4,4,0,0
f18ec8cc,dataset/raw-data/ARC-ALL/data/training/f18ec8cc.json,15,9,15,10,0,135,150,1.111111,0.850000,16,12,192,1.422222,16,16,256,1.896296,16,16,256,1.896296,5,5,0,0
f1bcbc2c,dataset/raw-data/ARC-ALL/data/training/f1bcbc2c.json,10,10,10,10,0,100,100,1.000000,0.888889,12,12,144,1.440000,16,16,256,2.560000,12,12,144,1.440000,1,1,1,1
f1cefba8,dataset/raw-data/ARC-ALL/data/training/f1cefba8.json,18,19,20,20,0,342,400,1.169591,0.620000,20,20,400,1.169591,24,24,576,1.684211,20,20,400,1.169591,4,4,0,0
f21745ec,dataset/raw-data/ARC-ALL/data/training/f21745ec.json,22,23,24,24,0,506,576,1.138340,0.437778,24,24,576,1.138340,24,24,576,1.138340,24,24,576,1.138340,4,4,0,0
f25fbde4,dataset/raw-data/ARC-ALL/data/training/f25fbde4.json,10,9,10,10,0,90,100,1.111111,0.900000,12,12,144,1.600000,16,16,256,2.844444,12,12,144,1.600000,1,4,1,0
f25ffba3,dataset/raw-data/ARC-ALL/data/training/f25ffba3.json,4,10,4,10,0,40,40,1.000000,0.955556,4,12,48,1.200000,16,16,256,6.400000,12,12,144,3.600000,1,1,1,1
f2829549,dataset/raw-data/ARC-ALL/data/training/f2829549.json,7,4,8,4,0,28,32,1.142857,0.968889,8,4,32,1.142857,8,8,64,2.285714,8,8,64,2.285714,1,1,1,1
f28a3cbb,dataset/raw-data/ARC-ALL/data/training/f28a3cbb.json,9,9,10,10,0,81,100,1.234568,0.910000,12,12,144,1.777778,16,16,256,3.160494,12,12,144,1.777778,1,1,1,1
f341894c,dataset/raw-data/ARC-ALL/data/training/f341894c.json,18,18,20,20,0,324,400,1.234568,0.640000,20,20,400,1.234568,24,24,576,1.777778,20,20,400,1.234568,4,4,0,0
f35d900a,dataset/raw-data/ARC-ALL/data/training/f35d900a.json,18,17,20,20,0,306,400,1.307190,0.660000,20,20,400,1.307190,24,24,576,1.882353,20,20,400,1.307190,4,4,0,0
f3b10344,dataset/raw-data/ARC-ALL/data/training/f3b10344.json,30,30,30,30,0,900,900,1.000000,0.000000,32,32,1024,1.137778,32,32,1024,1.137778,32,32,1024,1.137778,3,3,0,0
f3cdc58f,dataset/raw-data/ARC-ALL/data/training/f3cdc58f.json,10,10,10,10,0,100,100,1.000000,0.888889,12,12,144,1.440000,16,16,256,2.560000,12,12,144,1.440000,1,1,1,1
f3e14006,dataset/raw-data/ARC-ALL/data/training/f3e14006.json,15,25,15,30,0,375,450,1.200000,0.583333,16,28,448,1.194667,32,32,1024,2.730667,28,28,784,2.090667,4,4,0,0
f3e62deb,dataset/raw-data/ARC-ALL/data/training/f3e62deb.json,10,10,10,10,0,100,100,1.000000,0.888889,12,12,144,1.440000,16,16,256,2.560000,12,12,144,1.440000,1,1,1,1
f45f5ca7,dataset/raw-data/ARC-ALL/data/training/f45f5ca7.json,10,10,10,10,0,100,100,1.000000,0.888889,12,12,144,1.440000,16,16,256,2.560000,12,12,144,1.440000,1,1,1,1
f5aa3634,dataset/raw-data/ARC-ALL/data/training/f5aa3634.json,15,15,15,15,0,225,225,1.000000,0.750000,16,16,256,1.137778,16,16,256,1.137778,16,16,256,1.137778,3,3,0,0
f5b8619d,dataset/raw-data/ARC-ALL/data/training/f5b8619d.json,12,12,12,12,0,144,144,1.000000,0.840000,12,12,144,1.000000,16,16,256,1.777778,12,12,144,1.000000,4,4,0,0
f5c89df1,dataset/raw-data/ARC-ALL/data/training/f5c89df1.json,13,13,15,15,0,169,225,1.331361,0.812222,16,16,256,1.514793,16,16,256,1.514793,16,16,256,1.514793,1,1,1,1
f76d97a5,dataset/raw-data/ARC-ALL/data/training/f76d97a5.json,5,5,6,6,0,25,36,1.440000,0.972222,8,8,64,2.560000,8,8,64,2.560000,8,8,64,2.560000,2,2,0,0
f823c43c,dataset/raw-data/ARC-ALL/data/training/f823c43c.json,19,16,20,20,0,304,400,1.315789,0.662222,20,16,320,1.052632,24,24,576,1.894737,20,20,400,1.315789,3,3,0,0
f83cb3f6,dataset/raw-data/ARC-ALL/data/training/f83cb3f6.json,15,17,15,20,0,255,300,1.176471,0.716667,16,20,320,1.254902,24,24,576,2.258824,20,20,400,1.568627,4,4,0,0
f8a8fe49,dataset/raw-data/ARC-ALL/data/training/f8a8fe49.json,15,15,15,15,0,225,225,1.000000,0.750000,16,16,256,1.137778,16,16,256,1.137778,16,16,256,1.137778,1,1,1,1
f8b3ba0a,dataset/raw-data/ARC-ALL/data/training/f8b3ba0a.json,16,15,20,15,0,240,300,1.250000,0.733333,16,16,256,1.066667,16,16,256,1.066667,16,16,256,1.066667,4,1,0,1
f8be4b64,dataset/raw-data/ARC-ALL/data/training/f8be4b64.json,30,30,30,30,0,900,900,1.000000,0.000000,32,32,1024,1.137778,32,32,1024,1.137778,32,32,1024,1.137778,5,5,0,0
f8c80d96,dataset/raw-data/ARC-ALL/data/training/f8c80d96.json,10,10,10,10,0,100,100,1.000000,0.888889,12,12,144,1.440000,16,16,256,2.560000,12,12,144,1.440000,1,1,1,1
f8cc533f,dataset/raw-data/ARC-ALL/data/training/f8cc533f.json,22,22,24,24,0,484,576,1.190083,0.462222,24,24,576,1.190083,24,24,576,1.190083,24,24,576,1.190083,4,4,0,0
f8f52ecc,dataset/raw-data/ARC-ALL/data/training/f8f52ecc.json,12,12,12,12,0,144,144,1.000000,0.840000,12,12,144,1.000000,16,16,256,1.777778,12,12,144,1.000000,3,3,0,0
f8ff0b80,dataset/raw-data/ARC-ALL/data/training/f8ff0b80.json,12,12,12,12,0,144,144,1.000000,0.840000,12,12,144,1.000000,16,16,256,1.777778,12,12,144,1.000000,1,1,1,1
f9012d9b,dataset/raw-data/ARC-ALL/data/training/f9012d9b.json,7,7,8,8,0,49,64,1.306122,0.945556,8,8,64,1.306122,8,8,64,1.306122,8,8,64,1.306122,3,3,0,0
f9a67cb5,dataset/raw-data/ARC-ALL/data/training/f9a67cb5.json,17,15,20,15,0,255,300,1.176471,0.716667,20,16,320,1.254902,24,24,576,2.258824,20,20,400,1.568627,4,4,0,0
f9d67f8b,dataset/raw-data/ARC-ALL/data/training/f9d67f8b.json,30,30,30,30,0,900,900,1.000000,0.000000,32,32,1024,1.137778,32,32,1024,1.137778,32,32,1024,1.137778,1,1,1,1
fafd9572,dataset/raw-data/ARC-ALL/data/training/fafd9572.json,18,14,20,15,0,252,300,1.190476,0.720000,20,16,320,1.269841,24,24,576,2.285714,20,20,400,1.587302,3,3,0,0
fafffa47,dataset/raw-data/ARC-ALL/data/training/fafffa47.json,3,6,4,6,0,18,24,1.333333,0.980000,4,8,32,1.777778,8,8,64,3.555556,8,8,64,3.555556,1,1,1,1
fb791726,dataset/raw-data/ARC-ALL/data/training/fb791726.json,14,14,15,15,0,196,225,1.147959,0.782222,16,16,256,1.306122,16,16,256,1.306122,16,16,256,1.306122,4,4,0,0
fbf15a0b,dataset/raw-data/ARC-ALL/data/training/fbf15a0b.json,30,20,30,20,0,600,600,1.000000,0.333333,32,20,640,1.066667,32,32,1024,1.706667,32,32,1024,1.706667,6,6,0,0
fc10701f,dataset/raw-data/ARC-ALL/data/training/fc10701f.json,26,26,30,30,0,676,900,1.331361,0.248889,28,28,784,1.159763,32,32,1024,1.514793,28,28,784,1.159763,4,4,0,0
fc4aaf52,dataset/raw-data/ARC-ALL/data/training/fc4aaf52.json,16,16,20,20,0,256,400,1.562500,0.715556,16,16,256,1.000000,16,16,256,1.000000,16,16,256,1.000000,1,1,1,1
fc754716,dataset/raw-data/ARC-ALL/data/training/fc754716.json,7,9,8,10,0,63,80,1.269841,0.930000,8,12,96,1.523810,16,16,256,4.063492,12,12,144,2.285714,5,5,0,0
fcb5c309,dataset/raw-data/ARC-ALL/data/training/fcb5c309.json,17,17,20,20,0,289,400,1.384083,0.678889,20,20,400,1.384083,24,24,576,1.993080,20,20,400,1.384083,4,3,0,0
fcc82909,dataset/raw-data/ARC-ALL/data/training/fcc82909.json,10,10,10,10,0,100,100,1.000000,0.888889,12,12,144,1.440000,16,16,256,2.560000,12,12,144,1.440000,1,1,1,1
fd02da9e,dataset/raw-data/ARC-ALL/data/training/fd02da9e.json,8,8,8,8,0,64,64,1.000000,0.928889,8,8,64,1.000000,8,8,64,1.000000,8,8,64,1.000000,1,1,1,1
fd096ab6,dataset/raw-data/ARC-ALL/data/training/fd096ab6.json,30,30,30,30,0,900,900,1.000000,0.000000,32,32,1024,1.137778,32,32,1024,1.137778,32,32,1024,1.137778,3,3,0,0
fd4b2b02,dataset/raw-data/ARC-ALL/data/training/fd4b2b02.json,26,26,30,30,0,676,900,1.331361,0.248889,28,28,784,1.159763,32,32,1024,1.514793,28,28,784,1.159763,3,3,0,0
fe45cba4,dataset/raw-data/ARC-ALL/data/training/fe45cba4.json,16,16,20,20,0,256,400,1.562500,0.715556,16,16,256,1.000000,16,16,256,1.000000,16,16,256,1.000000,2,2,0,0
fe9372f3,dataset/raw-data/ARC-ALL/data/training/fe9372f3.json,17,30,20,30,0,510,600,1.176471,0.433333,20,32,640,1.254902,32,32,1024,2.007843,32,32,1024,2.007843,3,3,0,0
fea12743,dataset/raw-data/ARC-ALL/data/training/fea12743.json,11,16,12,20,0,176,240,1.363636,0.804444,12,16,192,1.090909,16,16,256,1.454545,16,16,256,1.454545,1,1,1,1
feca6190,dataset/raw-data/ARC-ALL/data/training/feca6190.json,20,20,20,20,0,400,400,1.000000,0.555556,20,20,400,1.000000,24,24,576,1.440000,20,20,400,1.000000,1,4,1,0
ff2825db,dataset/raw-data/ARC-ALL/data/training/ff2825db.json,10,10,10,10,0,100,100,1.000000,0.888889,12,12,144,1.440000,16,16,256,2.560000,12,12,144,1.440000,1,1,1,1
ff28f65a,dataset/raw-data/ARC-ALL/data/training/ff28f65a.json,7,7,8,8,0,49,64,1.306122,0.945556,8,8,64,1.306122,8,8,64,1.306122,8,8,64,1.306122,4,1,0,1
ff72ca3e,dataset/raw-data/ARC-ALL/data/training/ff72ca3e.json,20,30,20,30,0,600,600,1.000000,0.333333,20,32,640,1.066667,32,32,1024,1.706667,32,32,1024,1.706667,5,5,0,0
ff805c23,dataset/raw-data/ARC-ALL/data/training/ff805c23.json,24,24,24,24,0,576,576,1.000000,0.360000,24,24,576,1.000000,24,24,576,1.000000,24,24,576,1.000000,1,1,1,1
